timestamp,session_id,persona,email,user_id,action,method,path,status_code,is_failed_login,response_time_ms,think_time_ms,body_size,has_auth_token,endpoint_category,response_length,geo_location,client_type,user_agent,source_tool,label,session_type
2026-04-04T10:56:40.995994+00:00,4ddb1dd1-17c1-4bce-b86f-097dfa03b5f1,attacker,lindsaywalker@example.com,unknown,sign_in_scan,POST,/auth/sign-in,500,False,468,0,65,False,auth,21,Khobar,web,"Mozilla/5.0 (iPod; U; CPU iPhone OS 3_1 like Mac OS X; fil-PH) AppleWebKit/535.35.1 (KHTML, like Gecko) Version/3.0.5 Mobile/8B119 Safari/6535.35.1",playwright,1,scanning
2026-04-04T10:56:41.037171+00:00,c38a4c81-7d43-4bc2-9510-97ff43d50740,power_user,vrosario@example.net,unknown,sign_in,POST,/auth/sign-in,500,False,105,0,57,False,auth,21,Dammam,ios,"Mozilla/5.0 (iPad; CPU iPad OS 12_5_7 like Mac OS X) AppleWebKit/536.1 (KHTML, like Gecko) FxiOS/13.4d9476.0 Mobile/12M425 Safari/536.1",playwright,0,normal
2026-04-04T10:56:41.104635+00:00,688e24b1-875f-4173-8afe-594631cda4cc,attacker,lauren57@example.org,u_1086,sign_in_ato,POST,/auth/sign-in,200,False,582,0,58,False,auth,167,Jeddah,web,"Mozilla/5.0 (iPod; U; CPU iPhone OS 3_2 like Mac OS X; nan-TW) AppleWebKit/533.14.7 (KHTML, like Gecko) Version/4.0.5 Mobile/8B111 Safari/6533.14.7",playwright,1,account_takeover
2026-04-04T10:56:41.138968+00:00,b53e757b-e1e0-4f2c-a6cb-af7ffaa9cdfa,attacker,gregorydarren@example.com,u_1087,sign_in_scan,POST,/auth/sign-in,200,False,613,0,64,False,auth,172,Khobar,ios,Mozilla/5.0 (Android 4.2; Mobile; rv:34.0) Gecko/34.0 Firefox/34.0,playwright,1,scanning
2026-04-04T10:56:41.184303+00:00,9568b4e0-a3bf-4ae3-92f6-907f1efc88f3,attacker,aday@example.net,unknown,credential_stuffing,POST,/auth/sign-in,ERR,True,0,84,56,False,auth,0,Tabuk,ios,Mozilla/5.0 (compatible; MSIE 6.0; Windows NT 6.1; Trident/4.0),playwright,1,credential_stuffing
2026-04-04T10:56:41.370469+00:00,6ec3fa5f-e42e-4995-be83-555e164b4b79,attacker,echarles@example.org,unknown,credential_stuffing,POST,/auth/sign-in,500,True,646,212,63,False,auth,21,Taif,web,Mozilla/5.0 (compatible; MSIE 8.0; Windows NT 6.2; Trident/3.0),playwright,1,credential_stuffing
2026-04-04T10:56:41.393003+00:00,4ddb1dd1-17c1-4bce-b86f-097dfa03b5f1,attacker,lindsaywalker@example.com,unknown,probe,GET,/users/None/bank-accounts,404,False,202,181,0,False,account,27,Khobar,web,"Mozilla/5.0 (iPod; U; CPU iPhone OS 3_1 like Mac OS X; fil-PH) AppleWebKit/535.35.1 (KHTML, like Gecko) Version/3.0.5 Mobile/8B119 Safari/6535.35.1",playwright,1,scanning
2026-04-04T10:56:41.627622+00:00,b53e757b-e1e0-4f2c-a6cb-af7ffaa9cdfa,attacker,gregorydarren@example.com,u_1087,probe,GET,/users/u_1003/wallet,200,False,181,291,0,True,wallet,56,Khobar,ios,Mozilla/5.0 (Android 4.2; Mobile; rv:34.0) Gecko/34.0 Firefox/34.0,playwright,1,scanning
2026-04-04T10:56:41.644307+00:00,c53785a5-4926-4063-aa32-d115d51c2fec,attacker,lindsaywalker@example.com,unknown,failed_login,POST,/auth/sign-in,401,True,307,223,63,False,auth,38,Khobar,android,"Mozilla/5.0 (X11; Linux i686) AppleWebKit/534.2 (KHTML, like Gecko) Chrome/31.0.802.0 Safari/534.2",playwright,1,brute_force
2026-04-04T10:56:41.655355+00:00,688e24b1-875f-4173-8afe-594631cda4cc,attacker,lauren57@example.org,u_1086,transfer_ato,POST,/users/u_1086/wallet/transfer/u_1084,200,False,425,111,18,True,wallet,74,Jeddah,web,"Mozilla/5.0 (iPod; U; CPU iPhone OS 3_2 like Mac OS X; nan-TW) AppleWebKit/533.14.7 (KHTML, like Gecko) Version/4.0.5 Mobile/8B111 Safari/6533.14.7",playwright,1,account_takeover
2026-04-04T10:56:41.830878+00:00,4ddb1dd1-17c1-4bce-b86f-097dfa03b5f1,attacker,lindsaywalker@example.com,unknown,probe,GET,/admin/users,401,False,267,158,0,False,admin,33,Khobar,web,"Mozilla/5.0 (iPod; U; CPU iPhone OS 3_1 like Mac OS X; fil-PH) AppleWebKit/535.35.1 (KHTML, like Gecko) Version/3.0.5 Mobile/8B119 Safari/6535.35.1",playwright,1,scanning
2026-04-04T10:56:41.968913+00:00,9568b4e0-a3bf-4ae3-92f6-907f1efc88f3,attacker,kglenn@example.org,unknown,credential_stuffing,POST,/auth/sign-in,500,True,560,216,61,False,auth,21,Tabuk,ios,Mozilla/5.0 (compatible; MSIE 6.0; Windows NT 6.1; Trident/4.0),playwright,1,credential_stuffing
2026-04-04T10:56:41.977881+00:00,6ec3fa5f-e42e-4995-be83-555e164b4b79,attacker,davisjacqueline@example.com,unknown,credential_stuffing,POST,/auth/sign-in,500,True,406,189,70,False,auth,21,Taif,web,Mozilla/5.0 (compatible; MSIE 8.0; Windows NT 6.2; Trident/3.0),playwright,1,credential_stuffing
2026-04-04T10:56:42.103694+00:00,b53e757b-e1e0-4f2c-a6cb-af7ffaa9cdfa,attacker,gregorydarren@example.com,u_1087,probe,GET,/.env,404,False,137,332,0,False,other,22,Khobar,ios,Mozilla/5.0 (Android 4.2; Mobile; rv:34.0) Gecko/34.0 Firefox/34.0,playwright,1,scanning
2026-04-04T10:56:42.223073+00:00,4ddb1dd1-17c1-4bce-b86f-097dfa03b5f1,attacker,lindsaywalker@example.com,unknown,probe,GET,/users/u_1001/wallet,200,False,260,116,0,False,wallet,57,Khobar,web,"Mozilla/5.0 (iPod; U; CPU iPhone OS 3_1 like Mac OS X; fil-PH) AppleWebKit/535.35.1 (KHTML, like Gecko) Version/3.0.5 Mobile/8B119 Safari/6535.35.1",playwright,1,scanning
2026-04-04T10:56:42.232357+00:00,c53785a5-4926-4063-aa32-d115d51c2fec,attacker,lindsaywalker@example.com,unknown,failed_login,POST,/auth/sign-in,422,True,181,399,61,False,auth,156,Khobar,android,"Mozilla/5.0 (X11; Linux i686) AppleWebKit/534.2 (KHTML, like Gecko) Chrome/31.0.802.0 Safari/534.2",playwright,1,brute_force
2026-04-04T10:56:42.558935+00:00,9568b4e0-a3bf-4ae3-92f6-907f1efc88f3,attacker,cgallagher@example.org,unknown,credential_stuffing,POST,/auth/sign-in,500,True,381,192,61,False,auth,21,Tabuk,ios,Mozilla/5.0 (compatible; MSIE 6.0; Windows NT 6.1; Trident/4.0),playwright,1,credential_stuffing
2026-04-04T10:56:42.607426+00:00,b53e757b-e1e0-4f2c-a6cb-af7ffaa9cdfa,attacker,gregorydarren@example.com,u_1087,probe,GET,/admin/keys,404,False,160,320,0,False,admin,22,Khobar,ios,Mozilla/5.0 (Android 4.2; Mobile; rv:34.0) Gecko/34.0 Firefox/34.0,playwright,1,scanning
2026-04-04T10:56:42.615327+00:00,19c3184f-0176-4e17-9c16-5592f80b5566,transactor,krystal59@example.net,unknown,sign_in,POST,/auth/sign-in,500,False,795,0,62,False,auth,21,Taif,ios,Mozilla/5.0 (compatible; MSIE 6.0; Windows NT 5.0; Trident/3.0),playwright,0,normal
2026-04-04T10:56:42.713479+00:00,688e24b1-875f-4173-8afe-594631cda4cc,attacker,lauren57@example.org,u_1086,withdraw_ato,POST,/users/u_1086/wallet/withdraw,500,False,688,362,17,True,wallet,21,Jeddah,web,"Mozilla/5.0 (iPod; U; CPU iPhone OS 3_2 like Mac OS X; nan-TW) AppleWebKit/533.14.7 (KHTML, like Gecko) Version/4.0.5 Mobile/8B111 Safari/6533.14.7",playwright,1,account_takeover
2026-04-04T10:56:42.786534+00:00,c53785a5-4926-4063-aa32-d115d51c2fec,attacker,lindsaywalker@example.com,unknown,failed_login,POST,/auth/sign-in,422,True,486,51,60,False,auth,155,Khobar,android,"Mozilla/5.0 (X11; Linux i686) AppleWebKit/534.2 (KHTML, like Gecko) Chrome/31.0.802.0 Safari/534.2",playwright,1,brute_force
2026-04-04T10:56:42.791753+00:00,4ddb1dd1-17c1-4bce-b86f-097dfa03b5f1,attacker,lindsaywalker@example.com,unknown,probe,GET,/config,404,False,414,114,0,False,other,22,Khobar,web,"Mozilla/5.0 (iPod; U; CPU iPhone OS 3_1 like Mac OS X; fil-PH) AppleWebKit/535.35.1 (KHTML, like Gecko) Version/3.0.5 Mobile/8B119 Safari/6535.35.1",playwright,1,scanning
2026-04-04T10:56:42.809637+00:00,6ec3fa5f-e42e-4995-be83-555e164b4b79,attacker,deanmelissa@example.org,unknown,credential_stuffing,POST,/auth/sign-in,401,True,691,129,62,False,auth,38,Taif,web,Mozilla/5.0 (compatible; MSIE 8.0; Windows NT 6.2; Trident/3.0),playwright,1,credential_stuffing
2026-04-04T10:56:43.069308+00:00,9568b4e0-a3bf-4ae3-92f6-907f1efc88f3,attacker,xnoble@example.org,unknown,credential_stuffing,POST,/auth/sign-in,401,True,274,230,60,False,auth,38,Tabuk,ios,Mozilla/5.0 (compatible; MSIE 6.0; Windows NT 6.1; Trident/4.0),playwright,1,credential_stuffing
2026-04-04T10:56:43.140353+00:00,9cc492e8-2347-43bd-881d-dd015b2e872b,attacker,vrosario@example.net,u_1091,sign_in_fraud,POST,/auth/sign-in,200,False,508,0,57,False,auth,163,Dammam,web,"Mozilla/5.0 (iPod; U; CPU iPhone OS 3_2 like Mac OS X; cs-CZ) AppleWebKit/535.28.5 (KHTML, like Gecko) Version/3.0.5 Mobile/8B115 Safari/6535.28.5",playwright,1,financial_fraud
2026-04-04T10:56:43.156582+00:00,4ddb1dd1-17c1-4bce-b86f-097dfa03b5f1,attacker,lindsaywalker@example.com,unknown,probe,GET,/users/u_1002/wallet,200,False,168,193,0,False,wallet,57,Khobar,web,"Mozilla/5.0 (iPod; U; CPU iPhone OS 3_1 like Mac OS X; fil-PH) AppleWebKit/535.35.1 (KHTML, like Gecko) Version/3.0.5 Mobile/8B119 Safari/6535.35.1",playwright,1,scanning
2026-04-04T10:56:43.161110+00:00,b53e757b-e1e0-4f2c-a6cb-af7ffaa9cdfa,attacker,gregorydarren@example.com,u_1087,probe,GET,/admin/logs,404,False,194,343,0,False,admin,22,Khobar,ios,Mozilla/5.0 (Android 4.2; Mobile; rv:34.0) Gecko/34.0 Firefox/34.0,playwright,1,scanning
2026-04-04T10:56:43.333113+00:00,688e24b1-875f-4173-8afe-594631cda4cc,attacker,lauren57@example.org,u_1086,withdraw_ato,POST,/users/u_1086/wallet/withdraw,500,False,515,94,18,True,wallet,21,Jeddah,web,"Mozilla/5.0 (iPod; U; CPU iPhone OS 3_2 like Mac OS X; nan-TW) AppleWebKit/533.14.7 (KHTML, like Gecko) Version/4.0.5 Mobile/8B111 Safari/6533.14.7",playwright,1,account_takeover
2026-04-04T10:56:43.488068+00:00,6ec3fa5f-e42e-4995-be83-555e164b4b79,attacker,maxwell55@example.com,unknown,credential_stuffing,POST,/auth/sign-in,500,True,552,109,60,False,auth,21,Taif,web,Mozilla/5.0 (compatible; MSIE 8.0; Windows NT 6.2; Trident/3.0),playwright,1,credential_stuffing
2026-04-04T10:56:43.503987+00:00,c53785a5-4926-4063-aa32-d115d51c2fec,attacker,lindsaywalker@example.com,unknown,failed_login,POST,/auth/sign-in,500,True,336,375,67,False,auth,21,Khobar,android,"Mozilla/5.0 (X11; Linux i686) AppleWebKit/534.2 (KHTML, like Gecko) Chrome/31.0.802.0 Safari/534.2",playwright,1,brute_force
2026-04-04T10:56:43.510811+00:00,15a7817e-2500-47ae-87d3-24903780c9be,power_user,gregorydarren@example.com,unknown,sign_in,POST,/auth/sign-in,500,False,465,0,64,False,auth,21,Khobar,web,Mozilla/5.0 (Macintosh; U; Intel Mac OS X 10_5_6; rv:1.9.4.20) Gecko/4289-03-02 09:23:27.059814 Firefox/5.0,playwright,0,normal
2026-04-04T10:56:43.574121+00:00,9568b4e0-a3bf-4ae3-92f6-907f1efc88f3,attacker,pluna@example.com,unknown,credential_stuffing,POST,/auth/sign-in,401,True,427,66,55,False,auth,38,Tabuk,ios,Mozilla/5.0 (compatible; MSIE 6.0; Windows NT 6.1; Trident/4.0),playwright,1,credential_stuffing
2026-04-04T10:56:43.698076+00:00,9cc492e8-2347-43bd-881d-dd015b2e872b,attacker,vrosario@example.net,u_1091,transfer_fraud,POST,/users/u_1091/wallet/transfer/u_1083,200,False,391,133,18,True,wallet,73,Dammam,web,"Mozilla/5.0 (iPod; U; CPU iPhone OS 3_2 like Mac OS X; cs-CZ) AppleWebKit/535.28.5 (KHTML, like Gecko) Version/3.0.5 Mobile/8B115 Safari/6535.28.5",playwright,1,financial_fraud
2026-04-04T10:56:43.712128+00:00,c53785a5-4926-4063-aa32-d115d51c2fec,attacker,lindsaywalker@example.com,unknown,failed_login,POST,/auth/sign-in,422,True,83,97,59,False,auth,154,Khobar,android,"Mozilla/5.0 (X11; Linux i686) AppleWebKit/534.2 (KHTML, like Gecko) Chrome/31.0.802.0 Safari/534.2",playwright,1,brute_force
2026-04-04T10:56:43.779999+00:00,b53e757b-e1e0-4f2c-a6cb-af7ffaa9cdfa,attacker,gregorydarren@example.com,u_1087,probe,GET,/admin/users,401,False,339,272,0,False,admin,33,Khobar,ios,Mozilla/5.0 (Android 4.2; Mobile; rv:34.0) Gecko/34.0 Firefox/34.0,playwright,1,scanning
2026-04-04T10:56:43.859665+00:00,4ddb1dd1-17c1-4bce-b86f-097dfa03b5f1,attacker,lindsaywalker@example.com,unknown,probe,GET,/users/None/payments,404,False,379,310,0,False,account,27,Khobar,web,"Mozilla/5.0 (iPod; U; CPU iPhone OS 3_1 like Mac OS X; fil-PH) AppleWebKit/535.35.1 (KHTML, like Gecko) Version/3.0.5 Mobile/8B119 Safari/6535.35.1",playwright,1,scanning
2026-04-04T10:56:44.121574+00:00,6ec3fa5f-e42e-4995-be83-555e164b4b79,attacker,austin50@example.net,unknown,credential_stuffing,POST,/auth/sign-in,500,True,585,40,63,False,auth,21,Taif,web,Mozilla/5.0 (compatible; MSIE 8.0; Windows NT 6.2; Trident/3.0),playwright,1,credential_stuffing
2026-04-04T10:56:44.225536+00:00,688e24b1-875f-4173-8afe-594631cda4cc,attacker,lauren57@example.org,u_1086,transfer_ato,POST,/users/u_1086/wallet/transfer/u_1087,200,False,722,156,17,True,wallet,73,Jeddah,web,"Mozilla/5.0 (iPod; U; CPU iPhone OS 3_2 like Mac OS X; nan-TW) AppleWebKit/533.14.7 (KHTML, like Gecko) Version/4.0.5 Mobile/8B111 Safari/6533.14.7",playwright,1,account_takeover
2026-04-04T10:56:44.240886+00:00,4ddb1dd1-17c1-4bce-b86f-097dfa03b5f1,attacker,lindsaywalker@example.com,unknown,probe,GET,/debug/users,404,False,267,105,0,False,other,22,Khobar,web,"Mozilla/5.0 (iPod; U; CPU iPhone OS 3_1 like Mac OS X; fil-PH) AppleWebKit/535.35.1 (KHTML, like Gecko) Version/3.0.5 Mobile/8B119 Safari/6535.35.1",playwright,1,scanning
2026-04-04T10:56:44.277690+00:00,b53e757b-e1e0-4f2c-a6cb-af7ffaa9cdfa,attacker,gregorydarren@example.com,u_1087,probe,GET,/users/u_1001/wallet,200,False,400,90,0,True,wallet,57,Khobar,ios,Mozilla/5.0 (Android 4.2; Mobile; rv:34.0) Gecko/34.0 Firefox/34.0,playwright,1,scanning
2026-04-04T10:56:44.319692+00:00,9568b4e0-a3bf-4ae3-92f6-907f1efc88f3,attacker,lpayne@example.com,unknown,credential_stuffing,POST,/auth/sign-in,401,True,678,62,61,False,auth,38,Tabuk,ios,Mozilla/5.0 (compatible; MSIE 6.0; Windows NT 6.1; Trident/4.0),playwright,1,credential_stuffing
2026-04-04T10:56:44.373604+00:00,9cc492e8-2347-43bd-881d-dd015b2e872b,attacker,vrosario@example.net,u_1091,transfer_fraud,POST,/users/u_1091/wallet/transfer/u_1088,200,False,617,40,18,True,wallet,73,Dammam,web,"Mozilla/5.0 (iPod; U; CPU iPhone OS 3_2 like Mac OS X; cs-CZ) AppleWebKit/535.28.5 (KHTML, like Gecko) Version/3.0.5 Mobile/8B115 Safari/6535.28.5",playwright,1,financial_fraud
2026-04-04T10:56:44.424058+00:00,c53785a5-4926-4063-aa32-d115d51c2fec,attacker,lindsaywalker@example.com,unknown,failed_login,POST,/auth/sign-in,500,True,549,146,66,False,auth,21,Khobar,android,"Mozilla/5.0 (X11; Linux i686) AppleWebKit/534.2 (KHTML, like Gecko) Chrome/31.0.802.0 Safari/534.2",playwright,1,brute_force
2026-04-04T10:56:44.611767+00:00,b53e757b-e1e0-4f2c-a6cb-af7ffaa9cdfa,attacker,gregorydarren@example.com,u_1087,probe,GET,/config,404,False,176,147,0,False,other,22,Khobar,ios,Mozilla/5.0 (Android 4.2; Mobile; rv:34.0) Gecko/34.0 Firefox/34.0,playwright,1,scanning
2026-04-04T10:56:44.640586+00:00,4ddb1dd1-17c1-4bce-b86f-097dfa03b5f1,attacker,lindsaywalker@example.com,unknown,probe,GET,/.env,404,False,194,192,0,False,other,22,Khobar,web,"Mozilla/5.0 (iPod; U; CPU iPhone OS 3_1 like Mac OS X; fil-PH) AppleWebKit/535.35.1 (KHTML, like Gecko) Version/3.0.5 Mobile/8B119 Safari/6535.35.1",playwright,1,scanning
2026-04-04T10:56:44.723326+00:00,6ec3fa5f-e42e-4995-be83-555e164b4b79,attacker,qphillips@example.com,unknown,credential_stuffing,POST,/auth/sign-in,401,True,395,201,62,False,auth,38,Taif,web,Mozilla/5.0 (compatible; MSIE 8.0; Windows NT 6.2; Trident/3.0),playwright,1,credential_stuffing
2026-04-04T10:56:44.779288+00:00,c53785a5-4926-4063-aa32-d115d51c2fec,attacker,lindsaywalker@example.com,unknown,failed_login,POST,/auth/sign-in,422,True,160,176,61,False,auth,156,Khobar,android,"Mozilla/5.0 (X11; Linux i686) AppleWebKit/534.2 (KHTML, like Gecko) Chrome/31.0.802.0 Safari/534.2",playwright,1,brute_force
2026-04-04T10:56:44.793716+00:00,9cc492e8-2347-43bd-881d-dd015b2e872b,attacker,vrosario@example.net,u_1091,transfer_fraud,POST,/users/u_1091/wallet/transfer/u_1085,500,False,346,59,17,True,wallet,21,Dammam,web,"Mozilla/5.0 (iPod; U; CPU iPhone OS 3_2 like Mac OS X; cs-CZ) AppleWebKit/535.28.5 (KHTML, like Gecko) Version/3.0.5 Mobile/8B115 Safari/6535.28.5",playwright,1,financial_fraud
2026-04-04T10:56:44.924389+00:00,688e24b1-875f-4173-8afe-594631cda4cc,attacker,lauren57@example.org,u_1086,withdraw_ato,POST,/users/u_1086/wallet/withdraw,200,False,538,151,18,True,wallet,73,Jeddah,web,"Mozilla/5.0 (iPod; U; CPU iPhone OS 3_2 like Mac OS X; nan-TW) AppleWebKit/533.14.7 (KHTML, like Gecko) Version/4.0.5 Mobile/8B111 Safari/6533.14.7",playwright,1,account_takeover
2026-04-04T10:56:44.962398+00:00,9568b4e0-a3bf-4ae3-92f6-907f1efc88f3,attacker,jamesschroeder@example.com,unknown,credential_stuffing,POST,/auth/sign-in,401,True,426,204,68,False,auth,38,Tabuk,ios,Mozilla/5.0 (compatible; MSIE 6.0; Windows NT 6.1; Trident/4.0),playwright,1,credential_stuffing
2026-04-04T10:56:44.981477+00:00,4ddb1dd1-17c1-4bce-b86f-097dfa03b5f1,attacker,lindsaywalker@example.com,unknown,probe,GET,/auth/me,401,False,146,185,0,False,auth,32,Khobar,web,"Mozilla/5.0 (iPod; U; CPU iPhone OS 3_1 like Mac OS X; fil-PH) AppleWebKit/535.35.1 (KHTML, like Gecko) Version/3.0.5 Mobile/8B119 Safari/6535.35.1",playwright,1,scanning
2026-04-04T10:56:45.019239+00:00,b53e757b-e1e0-4f2c-a6cb-af7ffaa9cdfa,attacker,gregorydarren@example.com,u_1087,probe,GET,/users/u_1087/bank-accounts,200,False,171,226,0,True,account,270,Khobar,ios,Mozilla/5.0 (Android 4.2; Mobile; rv:34.0) Gecko/34.0 Firefox/34.0,playwright,1,scanning
2026-04-04T10:56:45.109190+00:00,6ec3fa5f-e42e-4995-be83-555e164b4b79,attacker,ugutierrez@example.com,unknown,credential_stuffing,POST,/auth/sign-in,401,True,174,201,59,False,auth,38,Taif,web,Mozilla/5.0 (compatible; MSIE 8.0; Windows NT 6.2; Trident/3.0),playwright,1,credential_stuffing
2026-04-04T10:56:45.158306+00:00,c53785a5-4926-4063-aa32-d115d51c2fec,attacker,lindsaywalker@example.com,unknown,failed_login,POST,/auth/sign-in,422,True,100,271,60,False,auth,155,Khobar,android,"Mozilla/5.0 (X11; Linux i686) AppleWebKit/534.2 (KHTML, like Gecko) Chrome/31.0.802.0 Safari/534.2",playwright,1,brute_force
2026-04-04T10:56:45.170236+00:00,4ddb1dd1-17c1-4bce-b86f-097dfa03b5f1,attacker,lindsaywalker@example.com,unknown,probe,GET,/admin/transactions,401,False,39,145,0,False,admin,33,Khobar,web,"Mozilla/5.0 (iPod; U; CPU iPhone OS 3_1 like Mac OS X; fil-PH) AppleWebKit/535.35.1 (KHTML, like Gecko) Version/3.0.5 Mobile/8B119 Safari/6535.35.1",playwright,1,scanning
2026-04-04T10:56:45.331898+00:00,9cc492e8-2347-43bd-881d-dd015b2e872b,attacker,vrosario@example.net,u_1091,transfer_fraud,POST,/users/u_1091/wallet/transfer/u_1088,500,False,406,124,17,True,wallet,21,Dammam,web,"Mozilla/5.0 (iPod; U; CPU iPhone OS 3_2 like Mac OS X; cs-CZ) AppleWebKit/535.28.5 (KHTML, like Gecko) Version/3.0.5 Mobile/8B115 Safari/6535.28.5",playwright,1,financial_fraud
2026-04-04T10:56:45.353874+00:00,b53e757b-e1e0-4f2c-a6cb-af7ffaa9cdfa,attacker,gregorydarren@example.com,u_1087,probe,GET,/debug/users,404,False,21,307,0,False,other,22,Khobar,ios,Mozilla/5.0 (Android 4.2; Mobile; rv:34.0) Gecko/34.0 Firefox/34.0,playwright,1,scanning
2026-04-04T10:56:45.404231+00:00,9568b4e0-a3bf-4ae3-92f6-907f1efc88f3,attacker,riosrhonda@example.com,unknown,credential_stuffing,POST,/auth/sign-in,401,True,237,199,59,False,auth,38,Tabuk,ios,Mozilla/5.0 (compatible; MSIE 6.0; Windows NT 6.1; Trident/4.0),playwright,1,credential_stuffing
2026-04-04T10:56:45.421114+00:00,4ddb1dd1-17c1-4bce-b86f-097dfa03b5f1,attacker,lindsaywalker@example.com,unknown,probe,GET,/admin/keys,404,False,26,221,0,False,admin,22,Khobar,web,"Mozilla/5.0 (iPod; U; CPU iPhone OS 3_1 like Mac OS X; fil-PH) AppleWebKit/535.35.1 (KHTML, like Gecko) Version/3.0.5 Mobile/8B119 Safari/6535.35.1",playwright,1,scanning
2026-04-04T10:56:45.725220+00:00,b53e757b-e1e0-4f2c-a6cb-af7ffaa9cdfa,attacker,gregorydarren@example.com,u_1087,probe,GET,/admin/export,404,False,180,180,0,False,admin,22,Khobar,ios,Mozilla/5.0 (Android 4.2; Mobile; rv:34.0) Gecko/34.0 Firefox/34.0,playwright,1,scanning
2026-04-04T10:56:45.853179+00:00,4ddb1dd1-17c1-4bce-b86f-097dfa03b5f1,attacker,lindsaywalker@example.com,unknown,probe,GET,/system/metrics,404,False,142,277,0,False,other,22,Khobar,web,"Mozilla/5.0 (iPod; U; CPU iPhone OS 3_1 like Mac OS X; fil-PH) AppleWebKit/535.35.1 (KHTML, like Gecko) Version/3.0.5 Mobile/8B119 Safari/6535.35.1",playwright,1,scanning
2026-04-04T10:56:45.894777+00:00,b53e757b-e1e0-4f2c-a6cb-af7ffaa9cdfa,attacker,gregorydarren@example.com,u_1087,probe,GET,/auth/me,500,False,70,96,0,True,auth,21,Khobar,ios,Mozilla/5.0 (Android 4.2; Mobile; rv:34.0) Gecko/34.0 Firefox/34.0,playwright,1,scanning
2026-04-04T10:56:45.942306+00:00,c53785a5-4926-4063-aa32-d115d51c2fec,attacker,lindsaywalker@example.com,unknown,failed_login,POST,/auth/sign-in,500,True,710,69,62,False,auth,21,Khobar,android,"Mozilla/5.0 (X11; Linux i686) AppleWebKit/534.2 (KHTML, like Gecko) Chrome/31.0.802.0 Safari/534.2",playwright,1,brute_force
2026-04-04T10:56:45.958212+00:00,6ec3fa5f-e42e-4995-be83-555e164b4b79,attacker,awood@example.org,unknown,credential_stuffing,POST,/auth/sign-in,500,True,665,179,60,False,auth,21,Taif,web,Mozilla/5.0 (compatible; MSIE 8.0; Windows NT 6.2; Trident/3.0),playwright,1,credential_stuffing
2026-04-04T10:56:46.006871+00:00,688e24b1-875f-4173-8afe-594631cda4cc,attacker,lauren57@example.org,u_1086,withdraw_ato,POST,/users/u_1086/wallet/withdraw,500,False,892,182,18,True,wallet,21,Jeddah,web,"Mozilla/5.0 (iPod; U; CPU iPhone OS 3_2 like Mac OS X; nan-TW) AppleWebKit/533.14.7 (KHTML, like Gecko) Version/4.0.5 Mobile/8B111 Safari/6533.14.7",playwright,1,account_takeover
2026-04-04T10:56:46.065219+00:00,9568b4e0-a3bf-4ae3-92f6-907f1efc88f3,attacker,calvinhancock@example.com,unknown,credential_stuffing,POST,/auth/sign-in,401,True,529,114,67,False,auth,38,Tabuk,ios,Mozilla/5.0 (compatible; MSIE 6.0; Windows NT 6.1; Trident/4.0),playwright,1,credential_stuffing
2026-04-04T10:56:46.144416+00:00,4ddb1dd1-17c1-4bce-b86f-097dfa03b5f1,attacker,lindsaywalker@example.com,unknown,probe,GET,/admin/wallets,401,False,32,255,0,False,admin,33,Khobar,web,"Mozilla/5.0 (iPod; U; CPU iPhone OS 3_1 like Mac OS X; fil-PH) AppleWebKit/535.35.1 (KHTML, like Gecko) Version/3.0.5 Mobile/8B119 Safari/6535.35.1",playwright,1,scanning
2026-04-04T10:56:46.166013+00:00,b53e757b-e1e0-4f2c-a6cb-af7ffaa9cdfa,attacker,gregorydarren@example.com,u_1087,probe,GET,/users/u_1087/wallet,200,False,59,200,0,True,wallet,57,Khobar,ios,Mozilla/5.0 (Android 4.2; Mobile; rv:34.0) Gecko/34.0 Firefox/34.0,playwright,1,scanning
2026-04-04T10:56:46.172004+00:00,9cc492e8-2347-43bd-881d-dd015b2e872b,attacker,vrosario@example.net,u_1091,withdraw_fraud,POST,/users/u_1091/wallet/withdraw,500,False,667,167,17,True,wallet,21,Dammam,web,"Mozilla/5.0 (iPod; U; CPU iPhone OS 3_2 like Mac OS X; cs-CZ) AppleWebKit/535.28.5 (KHTML, like Gecko) Version/3.0.5 Mobile/8B115 Safari/6535.28.5",playwright,1,financial_fraud
2026-04-04T10:56:46.401979+00:00,688e24b1-875f-4173-8afe-594631cda4cc,attacker,lauren57@example.org,u_1086,transfer_ato,POST,/users/u_1086/wallet/transfer/u_1089,500,False,295,90,18,True,wallet,21,Jeddah,web,"Mozilla/5.0 (iPod; U; CPU iPhone OS 3_2 like Mac OS X; nan-TW) AppleWebKit/533.14.7 (KHTML, like Gecko) Version/4.0.5 Mobile/8B111 Safari/6533.14.7",playwright,1,account_takeover
2026-04-04T10:56:46.444678+00:00,4ddb1dd1-17c1-4bce-b86f-097dfa03b5f1,attacker,lindsaywalker@example.com,unknown,probe,GET,/api/v1/config,404,False,117,174,0,False,other,22,Khobar,web,"Mozilla/5.0 (iPod; U; CPU iPhone OS 3_1 like Mac OS X; fil-PH) AppleWebKit/535.35.1 (KHTML, like Gecko) Version/3.0.5 Mobile/8B119 Safari/6535.35.1",playwright,1,scanning
2026-04-04T10:56:46.518073+00:00,6ec3fa5f-e42e-4995-be83-555e164b4b79,attacker,xchristensen@example.org,unknown,credential_stuffing,POST,/auth/sign-in,500,True,424,129,63,False,auth,21,Taif,web,Mozilla/5.0 (compatible; MSIE 8.0; Windows NT 6.2; Trident/3.0),playwright,1,credential_stuffing
2026-04-04T10:56:46.599496+00:00,c53785a5-4926-4063-aa32-d115d51c2fec,attacker,lindsaywalker@example.com,unknown,failed_login,POST,/auth/sign-in,401,True,330,319,63,False,auth,38,Khobar,android,"Mozilla/5.0 (X11; Linux i686) AppleWebKit/534.2 (KHTML, like Gecko) Chrome/31.0.802.0 Safari/534.2",playwright,1,brute_force
2026-04-04T10:56:46.637990+00:00,9cc492e8-2347-43bd-881d-dd015b2e872b,attacker,vrosario@example.net,u_1091,topup_fraud,POST,/users/u_1091/wallet/topup,500,False,322,133,18,True,wallet,21,Dammam,web,"Mozilla/5.0 (iPod; U; CPU iPhone OS 3_2 like Mac OS X; cs-CZ) AppleWebKit/535.28.5 (KHTML, like Gecko) Version/3.0.5 Mobile/8B115 Safari/6535.28.5",playwright,1,financial_fraud
2026-04-04T10:56:46.700348+00:00,9568b4e0-a3bf-4ae3-92f6-907f1efc88f3,attacker,tracikim@example.net,unknown,credential_stuffing,POST,/auth/sign-in,401,True,411,215,63,False,auth,38,Tabuk,ios,Mozilla/5.0 (compatible; MSIE 6.0; Windows NT 6.1; Trident/4.0),playwright,1,credential_stuffing
2026-04-04T10:56:46.712996+00:00,b53e757b-e1e0-4f2c-a6cb-af7ffaa9cdfa,attacker,gregorydarren@example.com,u_1087,probe,GET,/admin/transactions,401,False,197,340,0,False,admin,33,Khobar,ios,Mozilla/5.0 (Android 4.2; Mobile; rv:34.0) Gecko/34.0 Firefox/34.0,playwright,1,scanning
2026-04-04T10:56:46.752539+00:00,4ddb1dd1-17c1-4bce-b86f-097dfa03b5f1,attacker,lindsaywalker@example.com,unknown,probe,GET,/users/u_1003/wallet,200,False,121,179,0,False,wallet,56,Khobar,web,"Mozilla/5.0 (iPod; U; CPU iPhone OS 3_1 like Mac OS X; fil-PH) AppleWebKit/535.35.1 (KHTML, like Gecko) Version/3.0.5 Mobile/8B119 Safari/6535.35.1",playwright,1,scanning
2026-04-04T10:56:46.870221+00:00,c53785a5-4926-4063-aa32-d115d51c2fec,attacker,lindsaywalker@example.com,unknown,failed_login,POST,/auth/sign-in,422,True,211,52,61,False,auth,156,Khobar,android,"Mozilla/5.0 (X11; Linux i686) AppleWebKit/534.2 (KHTML, like Gecko) Chrome/31.0.802.0 Safari/534.2",playwright,1,brute_force
2026-04-04T10:56:46.902095+00:00,6ec3fa5f-e42e-4995-be83-555e164b4b79,attacker,bryan44@example.net,unknown,credential_stuffing,POST,/auth/sign-in,500,True,303,70,62,False,auth,21,Taif,web,Mozilla/5.0 (compatible; MSIE 8.0; Windows NT 6.2; Trident/3.0),playwright,1,credential_stuffing
2026-04-04T10:56:46.978909+00:00,688e24b1-875f-4173-8afe-594631cda4cc,attacker,lauren57@example.org,u_1086,transfer_ato,POST,/users/u_1086/wallet/transfer/u_1088,200,False,419,149,17,True,wallet,72,Jeddah,web,"Mozilla/5.0 (iPod; U; CPU iPhone OS 3_2 like Mac OS X; nan-TW) AppleWebKit/533.14.7 (KHTML, like Gecko) Version/4.0.5 Mobile/8B111 Safari/6533.14.7",playwright,1,account_takeover
2026-04-04T10:56:46.986301+00:00,b53e757b-e1e0-4f2c-a6cb-af7ffaa9cdfa,attacker,gregorydarren@example.com,u_1087,probe,GET,/api/v1/config,404,False,92,169,0,False,other,22,Khobar,ios,Mozilla/5.0 (Android 4.2; Mobile; rv:34.0) Gecko/34.0 Firefox/34.0,playwright,1,scanning
2026-04-04T10:56:47.040132+00:00,4ddb1dd1-17c1-4bce-b86f-097dfa03b5f1,attacker,lindsaywalker@example.com,unknown,probe,GET,/users/None/wallet,404,False,187,87,0,False,wallet,27,Khobar,web,"Mozilla/5.0 (iPod; U; CPU iPhone OS 3_1 like Mac OS X; fil-PH) AppleWebKit/535.35.1 (KHTML, like Gecko) Version/3.0.5 Mobile/8B119 Safari/6535.35.1",playwright,1,scanning
2026-04-04T10:56:47.053182+00:00,b276a021-6f61-40cf-af89-2bd1bc929e25,admin,admin,admin_1,admin_sign_in,POST,/admin/auth/sign-in,200,False,879,1224,45,False,admin,127,Jeddah,ios,"Mozilla/5.0 (iPod; U; CPU iPhone OS 3_0 like Mac OS X; ug-CN) AppleWebKit/535.12.1 (KHTML, like Gecko) Version/4.0.5 Mobile/8B119 Safari/6535.12.1",playwright,0,normal
2026-04-04T10:56:47.229199+00:00,9568b4e0-a3bf-4ae3-92f6-907f1efc88f3,attacker,carrie74@example.com,unknown,credential_stuffing,POST,/auth/sign-in,401,True,391,127,61,False,auth,38,Tabuk,ios,Mozilla/5.0 (compatible; MSIE 6.0; Windows NT 6.1; Trident/4.0),playwright,1,credential_stuffing
2026-04-04T10:56:47.290176+00:00,9cc492e8-2347-43bd-881d-dd015b2e872b,attacker,vrosario@example.net,u_1091,topup_fraud,POST,/users/u_1091/wallet/topup,500,False,475,165,17,True,wallet,21,Dammam,web,"Mozilla/5.0 (iPod; U; CPU iPhone OS 3_2 like Mac OS X; cs-CZ) AppleWebKit/535.28.5 (KHTML, like Gecko) Version/3.0.5 Mobile/8B115 Safari/6535.28.5",playwright,1,financial_fraud
2026-04-04T10:56:47.378010+00:00,6ec3fa5f-e42e-4995-be83-555e164b4b79,attacker,lorireeves@example.org,unknown,credential_stuffing,POST,/auth/sign-in,500,True,440,31,64,False,auth,21,Taif,web,Mozilla/5.0 (compatible; MSIE 8.0; Windows NT 6.2; Trident/3.0),playwright,1,credential_stuffing
2026-04-04T10:56:47.499445+00:00,4ddb1dd1-17c1-4bce-b86f-097dfa03b5f1,attacker,lindsaywalker@example.com,unknown,probe,GET,/admin/export,404,False,143,308,0,False,admin,22,Khobar,web,"Mozilla/5.0 (iPod; U; CPU iPhone OS 3_1 like Mac OS X; fil-PH) AppleWebKit/535.35.1 (KHTML, like Gecko) Version/3.0.5 Mobile/8B119 Safari/6535.35.1",playwright,1,scanning
2026-04-04T10:56:47.566996+00:00,688e24b1-875f-4173-8afe-594631cda4cc,attacker,lauren57@example.org,u_1086,transfer_ato,POST,/users/u_1086/wallet/transfer/u_1089,500,False,342,241,17,True,wallet,21,Jeddah,web,"Mozilla/5.0 (iPod; U; CPU iPhone OS 3_2 like Mac OS X; nan-TW) AppleWebKit/533.14.7 (KHTML, like Gecko) Version/4.0.5 Mobile/8B111 Safari/6533.14.7",playwright,1,account_takeover
2026-04-04T10:56:47.597844+00:00,c53785a5-4926-4063-aa32-d115d51c2fec,attacker,lindsaywalker@example.com,unknown,failed_login,POST,/auth/sign-in,401,True,470,251,63,False,auth,38,Khobar,android,"Mozilla/5.0 (X11; Linux i686) AppleWebKit/534.2 (KHTML, like Gecko) Chrome/31.0.802.0 Safari/534.2",playwright,1,brute_force
2026-04-04T10:56:47.796949+00:00,4ddb1dd1-17c1-4bce-b86f-097dfa03b5f1,attacker,lindsaywalker@example.com,unknown,probe,GET,/admin/overview/financial,401,False,29,264,0,False,admin,33,Khobar,web,"Mozilla/5.0 (iPod; U; CPU iPhone OS 3_1 like Mac OS X; fil-PH) AppleWebKit/535.35.1 (KHTML, like Gecko) Version/3.0.5 Mobile/8B119 Safari/6535.35.1",playwright,1,scanning
2026-04-04T10:56:47.901691+00:00,6ec3fa5f-e42e-4995-be83-555e164b4b79,attacker,karen92@example.org,unknown,credential_stuffing,POST,/auth/sign-in,500,True,411,104,60,False,auth,21,Taif,web,Mozilla/5.0 (compatible; MSIE 8.0; Windows NT 6.2; Trident/3.0),playwright,1,credential_stuffing
2026-04-04T10:56:47.920685+00:00,9cc492e8-2347-43bd-881d-dd015b2e872b,attacker,vrosario@example.net,u_1091,transfer_fraud,POST,/users/u_1091/wallet/transfer/u_1089,200,False,586,31,18,True,wallet,73,Dammam,web,"Mozilla/5.0 (iPod; U; CPU iPhone OS 3_2 like Mac OS X; cs-CZ) AppleWebKit/535.28.5 (KHTML, like Gecko) Version/3.0.5 Mobile/8B115 Safari/6535.28.5",playwright,1,financial_fraud
2026-04-04T10:56:47.954233+00:00,9568b4e0-a3bf-4ae3-92f6-907f1efc88f3,attacker,nkline@example.org,unknown,credential_stuffing,POST,/auth/sign-in,500,True,473,245,57,False,auth,21,Tabuk,ios,Mozilla/5.0 (compatible; MSIE 6.0; Windows NT 6.1; Trident/4.0),playwright,1,credential_stuffing
2026-04-04T10:56:48.145534+00:00,c53785a5-4926-4063-aa32-d115d51c2fec,attacker,lindsaywalker@example.com,unknown,failed_login,POST,/auth/sign-in,500,True,434,101,64,False,auth,21,Khobar,android,"Mozilla/5.0 (X11; Linux i686) AppleWebKit/534.2 (KHTML, like Gecko) Chrome/31.0.802.0 Safari/534.2",playwright,1,brute_force
2026-04-04T10:56:48.165129+00:00,688e24b1-875f-4173-8afe-594631cda4cc,attacker,lauren57@example.org,u_1086,transfer_ato,POST,/users/u_1086/wallet/transfer/u_1089,400,False,428,163,18,True,wallet,33,Jeddah,web,"Mozilla/5.0 (iPod; U; CPU iPhone OS 3_2 like Mac OS X; nan-TW) AppleWebKit/533.14.7 (KHTML, like Gecko) Version/4.0.5 Mobile/8B111 Safari/6533.14.7",playwright,1,account_takeover
2026-04-04T10:56:48.660019+00:00,6ec3fa5f-e42e-4995-be83-555e164b4b79,attacker,jonescory@example.net,unknown,credential_stuffing,POST,/auth/sign-in,401,True,558,97,64,False,auth,38,Taif,web,Mozilla/5.0 (compatible; MSIE 8.0; Windows NT 6.2; Trident/3.0),playwright,1,credential_stuffing
2026-04-04T10:56:48.883487+00:00,9568b4e0-a3bf-4ae3-92f6-907f1efc88f3,attacker,hbrown@example.com,unknown,credential_stuffing,POST,/auth/sign-in,500,True,827,71,56,False,auth,21,Tabuk,ios,Mozilla/5.0 (compatible; MSIE 6.0; Windows NT 6.1; Trident/4.0),playwright,1,credential_stuffing
2026-04-04T10:56:48.990677+00:00,b276a021-6f61-40cf-af89-2bd1bc929e25,admin,admin,admin_1,admin_users,GET,/admin/users,500,False,81,1836,0,True,admin,21,Jeddah,ios,"Mozilla/5.0 (iPod; U; CPU iPhone OS 3_0 like Mac OS X; ug-CN) AppleWebKit/535.12.1 (KHTML, like Gecko) Version/4.0.5 Mobile/8B119 Safari/6535.12.1",playwright,0,normal
2026-04-04T10:56:49.039391+00:00,9cc492e8-2347-43bd-881d-dd015b2e872b,attacker,vrosario@example.net,u_1091,transfer_fraud,POST,/users/u_1091/wallet/transfer/u_1086,200,False,998,116,18,True,wallet,73,Dammam,web,"Mozilla/5.0 (iPod; U; CPU iPhone OS 3_2 like Mac OS X; cs-CZ) AppleWebKit/535.28.5 (KHTML, like Gecko) Version/3.0.5 Mobile/8B115 Safari/6535.28.5",playwright,1,financial_fraud
2026-04-04T10:56:49.083048+00:00,6ec3fa5f-e42e-4995-be83-555e164b4b79,attacker,jamescollins@example.com,unknown,credential_stuffing,POST,/auth/sign-in,500,True,155,209,64,False,auth,21,Taif,web,Mozilla/5.0 (compatible; MSIE 8.0; Windows NT 6.2; Trident/3.0),playwright,1,credential_stuffing
2026-04-04T10:56:49.307756+00:00,34b3f7b0-d59e-4759-a1bf-97e75af429a0,transactor,gregorydarren@example.com,unknown,sign_in,POST,/auth/sign-in,500,False,1022,0,64,False,auth,21,Khobar,web,Mozilla/5.0 (Macintosh; U; Intel Mac OS X 10_5_6; rv:1.9.4.20) Gecko/4289-03-02 09:23:27.059814 Firefox/5.0,playwright,0,normal
2026-04-04T10:56:49.552300+00:00,688e24b1-875f-4173-8afe-594631cda4cc,attacker,lauren57@example.org,u_1086,transfer_ato,POST,/users/u_1086/wallet/transfer/u_1092,500,False,1131,247,17,True,wallet,21,Jeddah,web,"Mozilla/5.0 (iPod; U; CPU iPhone OS 3_2 like Mac OS X; nan-TW) AppleWebKit/533.14.7 (KHTML, like Gecko) Version/4.0.5 Mobile/8B111 Safari/6533.14.7",playwright,1,account_takeover
2026-04-04T10:56:49.669563+00:00,c53785a5-4926-4063-aa32-d115d51c2fec,attacker,lindsaywalker@example.com,unknown,failed_login,POST,/auth/sign-in,401,True,1149,358,62,False,auth,38,Khobar,android,"Mozilla/5.0 (X11; Linux i686) AppleWebKit/534.2 (KHTML, like Gecko) Chrome/31.0.802.0 Safari/534.2",playwright,1,brute_force
2026-04-04T10:56:49.980493+00:00,9568b4e0-a3bf-4ae3-92f6-907f1efc88f3,attacker,joshua37@example.com,unknown,credential_stuffing,POST,/auth/sign-in,500,True,985,107,61,False,auth,21,Tabuk,ios,Mozilla/5.0 (compatible; MSIE 6.0; Windows NT 6.1; Trident/4.0),playwright,1,credential_stuffing
2026-04-04T10:56:50.007960+00:00,7e1c866b-9334-4006-815b-21866955ffc4,casual,davidcrawford@example.net,u_1089,sign_in,POST,/auth/sign-in,200,False,556,8226,64,False,auth,170,Medina,web,"Mozilla/5.0 (Linux; Android 12.1) AppleWebKit/532.2 (KHTML, like Gecko) Chrome/52.0.814.0 Safari/532.2",playwright,0,normal
2026-04-04T10:56:50.085018+00:00,9cc492e8-2347-43bd-881d-dd015b2e872b,attacker,vrosario@example.net,u_1091,transfer_fraud,POST,/users/u_1091/wallet/transfer/u_1090,200,False,892,145,17,True,wallet,73,Dammam,web,"Mozilla/5.0 (iPod; U; CPU iPhone OS 3_2 like Mac OS X; cs-CZ) AppleWebKit/535.28.5 (KHTML, like Gecko) Version/3.0.5 Mobile/8B115 Safari/6535.28.5",playwright,1,financial_fraud
2026-04-04T10:56:50.147938+00:00,6ec3fa5f-e42e-4995-be83-555e164b4b79,attacker,jortiz@example.com,unknown,credential_stuffing,POST,/auth/sign-in,500,True,819,235,59,False,auth,21,Taif,web,Mozilla/5.0 (compatible; MSIE 8.0; Windows NT 6.2; Trident/3.0),playwright,1,credential_stuffing
2026-04-04T10:56:50.317554+00:00,c53785a5-4926-4063-aa32-d115d51c2fec,attacker,lindsaywalker@example.com,unknown,failed_login,POST,/auth/sign-in,500,True,485,156,62,False,auth,21,Khobar,android,"Mozilla/5.0 (X11; Linux i686) AppleWebKit/534.2 (KHTML, like Gecko) Chrome/31.0.802.0 Safari/534.2",playwright,1,brute_force
2026-04-04T10:56:50.411720+00:00,6ec3fa5f-e42e-4995-be83-555e164b4b79,attacker,danielharmon@example.org,unknown,credential_stuffing,POST,/auth/sign-in,500,True,101,150,66,False,auth,21,Taif,web,Mozilla/5.0 (compatible; MSIE 8.0; Windows NT 6.2; Trident/3.0),playwright,1,credential_stuffing
2026-04-04T10:56:50.455364+00:00,aaaa4857-c91a-422a-8c2d-8e4d7c947e9c,transactor,darius93@example.net,unknown,sign_in,POST,/auth/sign-in,500,False,455,0,59,False,auth,21,Dammam,ios,"Mozilla/5.0 (iPad; CPU iPad OS 6_1_6 like Mac OS X) AppleWebKit/535.2 (KHTML, like Gecko) FxiOS/12.3t4156.0 Mobile/03I510 Safari/535.2",playwright,0,normal
2026-04-04T10:56:50.479311+00:00,688e24b1-875f-4173-8afe-594631cda4cc,attacker,lauren57@example.org,u_1086,transfer_ato,POST,/users/u_1086/wallet/transfer/u_1089,400,False,578,339,18,True,wallet,33,Jeddah,web,"Mozilla/5.0 (iPod; U; CPU iPhone OS 3_2 like Mac OS X; nan-TW) AppleWebKit/533.14.7 (KHTML, like Gecko) Version/4.0.5 Mobile/8B111 Safari/6533.14.7",playwright,1,account_takeover
2026-04-04T10:56:50.571883+00:00,9568b4e0-a3bf-4ae3-92f6-907f1efc88f3,attacker,gcalderon@example.com,unknown,credential_stuffing,POST,/auth/sign-in,401,True,434,138,64,False,auth,38,Tabuk,ios,Mozilla/5.0 (compatible; MSIE 6.0; Windows NT 6.1; Trident/4.0),playwright,1,credential_stuffing
2026-04-04T10:56:50.578663+00:00,b276a021-6f61-40cf-af89-2bd1bc929e25,admin,admin,admin_1,admin_transactions,GET,/admin/transactions,200,False,950,631,0,True,admin,15875,Jeddah,ios,"Mozilla/5.0 (iPod; U; CPU iPhone OS 3_0 like Mac OS X; ug-CN) AppleWebKit/535.12.1 (KHTML, like Gecko) Version/4.0.5 Mobile/8B119 Safari/6535.12.1",playwright,0,normal
2026-04-04T10:56:50.897324+00:00,c53785a5-4926-4063-aa32-d115d51c2fec,attacker,lindsaywalker@example.com,unknown,failed_login,POST,/auth/sign-in,401,True,420,150,63,False,auth,38,Khobar,android,"Mozilla/5.0 (X11; Linux i686) AppleWebKit/534.2 (KHTML, like Gecko) Chrome/31.0.802.0 Safari/534.2",playwright,1,brute_force
2026-04-04T10:56:50.930640+00:00,6ec3fa5f-e42e-4995-be83-555e164b4b79,attacker,stacyobrien@example.org,unknown,credential_stuffing,POST,/auth/sign-in,500,True,335,178,66,False,auth,21,Taif,web,Mozilla/5.0 (compatible; MSIE 8.0; Windows NT 6.2; Trident/3.0),playwright,1,credential_stuffing
2026-04-04T10:56:50.970014+00:00,9cc492e8-2347-43bd-881d-dd015b2e872b,attacker,vrosario@example.net,u_1091,topup_fraud,POST,/users/u_1091/wallet/topup,500,False,727,154,16,True,wallet,21,Dammam,web,"Mozilla/5.0 (iPod; U; CPU iPhone OS 3_2 like Mac OS X; cs-CZ) AppleWebKit/535.28.5 (KHTML, like Gecko) Version/3.0.5 Mobile/8B115 Safari/6535.28.5",playwright,1,financial_fraud
2026-04-04T10:56:51.303391+00:00,9568b4e0-a3bf-4ae3-92f6-907f1efc88f3,attacker,walshanthony@example.net,unknown,credential_stuffing,POST,/auth/sign-in,401,True,492,231,66,False,auth,38,Tabuk,ios,Mozilla/5.0 (compatible; MSIE 6.0; Windows NT 6.1; Trident/4.0),playwright,1,credential_stuffing
2026-04-04T10:56:51.443087+00:00,6ec3fa5f-e42e-4995-be83-555e164b4b79,attacker,slara@example.org,unknown,credential_stuffing,POST,/auth/sign-in,401,True,467,39,58,False,auth,38,Taif,web,Mozilla/5.0 (compatible; MSIE 8.0; Windows NT 6.2; Trident/3.0),playwright,1,credential_stuffing
2026-04-04T10:56:51.483019+00:00,c53785a5-4926-4063-aa32-d115d51c2fec,attacker,lindsaywalker@example.com,unknown,failed_login,POST,/auth/sign-in,401,True,337,229,66,False,auth,38,Khobar,android,"Mozilla/5.0 (X11; Linux i686) AppleWebKit/534.2 (KHTML, like Gecko) Chrome/31.0.802.0 Safari/534.2",playwright,1,brute_force
2026-04-04T10:56:51.513782+00:00,ce9eea30-a237-44f2-9088-81b92f0aad8f,attacker,lauren57@example.org,unknown,failed_login,POST,/auth/sign-in,500,True,390,261,58,False,auth,21,Jeddah,ios,Mozilla/5.0 (compatible; MSIE 9.0; Windows NT 5.1; Trident/4.0),playwright,1,brute_force
2026-04-04T10:56:51.651447+00:00,9cc492e8-2347-43bd-881d-dd015b2e872b,attacker,vrosario@example.net,u_1091,pay_bill_fraud,POST,/users/u_1091/wallet/pay-bill,200,False,577,92,17,True,wallet,76,Dammam,web,"Mozilla/5.0 (iPod; U; CPU iPhone OS 3_2 like Mac OS X; cs-CZ) AppleWebKit/535.28.5 (KHTML, like Gecko) Version/3.0.5 Mobile/8B115 Safari/6535.28.5",playwright,1,financial_fraud
2026-04-04T10:56:51.716573+00:00,9568b4e0-a3bf-4ae3-92f6-907f1efc88f3,attacker,danieldominguez@example.com,unknown,credential_stuffing,POST,/auth/sign-in,500,True,258,147,70,False,auth,21,Tabuk,ios,Mozilla/5.0 (compatible; MSIE 6.0; Windows NT 6.1; Trident/4.0),playwright,1,credential_stuffing
2026-04-04T10:56:51.934654+00:00,c53785a5-4926-4063-aa32-d115d51c2fec,attacker,lindsaywalker@example.com,unknown,failed_login,POST,/auth/sign-in,422,True,108,336,60,False,auth,155,Khobar,android,"Mozilla/5.0 (X11; Linux i686) AppleWebKit/534.2 (KHTML, like Gecko) Chrome/31.0.802.0 Safari/534.2",playwright,1,brute_force
2026-04-04T10:56:51.943441+00:00,771809c3-b691-4b63-bcd7-d06626862b3d,attacker,sfoster@example.org,unknown,credential_stuffing,POST,/auth/sign-in,401,True,306,186,61,False,auth,38,Mecca,web,"Mozilla/5.0 (iPod; U; CPU iPhone OS 4_0 like Mac OS X; cv-RU) AppleWebKit/532.41.2 (KHTML, like Gecko) Version/3.0.5 Mobile/8B111 Safari/6532.41.2",playwright,1,credential_stuffing
2026-04-04T10:56:52.065156+00:00,9568b4e0-a3bf-4ae3-92f6-907f1efc88f3,attacker,ryan48@example.net,unknown,credential_stuffing,POST,/auth/sign-in,500,True,244,98,56,False,auth,21,Tabuk,ios,Mozilla/5.0 (compatible; MSIE 6.0; Windows NT 6.1; Trident/4.0),playwright,1,credential_stuffing
2026-04-04T10:56:52.120949+00:00,ce9eea30-a237-44f2-9088-81b92f0aad8f,attacker,lauren57@example.org,unknown,failed_login,POST,/auth/sign-in,500,True,244,355,59,False,auth,21,Jeddah,ios,Mozilla/5.0 (compatible; MSIE 9.0; Windows NT 5.1; Trident/4.0),playwright,1,brute_force
2026-04-04T10:56:52.162829+00:00,b276a021-6f61-40cf-af89-2bd1bc929e25,admin,admin,admin_1,admin_users,GET,/admin/users,500,False,498,1081,0,True,admin,21,Jeddah,ios,"Mozilla/5.0 (iPod; U; CPU iPhone OS 3_0 like Mac OS X; ug-CN) AppleWebKit/535.12.1 (KHTML, like Gecko) Version/4.0.5 Mobile/8B119 Safari/6535.12.1",playwright,0,normal
2026-04-04T10:56:52.180437+00:00,c1f4cef3-97b7-41db-aadc-4859223250b9,casual,lindsaywalker@example.com,u_1090,sign_in,POST,/auth/sign-in,200,False,676,9828,65,False,auth,170,Khobar,web,Mozilla/5.0 (compatible; MSIE 7.0; Windows CE; Trident/3.0),playwright,0,normal
2026-04-04T10:56:52.184686+00:00,771809c3-b691-4b63-bcd7-d06626862b3d,attacker,marquezerica@example.net,unknown,credential_stuffing,POST,/auth/sign-in,500,True,48,171,62,False,auth,21,Mecca,web,"Mozilla/5.0 (iPod; U; CPU iPhone OS 4_0 like Mac OS X; cv-RU) AppleWebKit/532.41.2 (KHTML, like Gecko) Version/3.0.5 Mobile/8B111 Safari/6532.41.2",playwright,1,credential_stuffing
2026-04-04T10:56:52.344016+00:00,c53785a5-4926-4063-aa32-d115d51c2fec,attacker,lindsaywalker@example.com,unknown,failed_login,POST,/auth/sign-in,401,True,136,270,64,False,auth,38,Khobar,android,"Mozilla/5.0 (X11; Linux i686) AppleWebKit/534.2 (KHTML, like Gecko) Chrome/31.0.802.0 Safari/534.2",playwright,1,brute_force
2026-04-04T10:56:52.400480+00:00,9568b4e0-a3bf-4ae3-92f6-907f1efc88f3,attacker,joshua35@example.net,unknown,credential_stuffing,POST,/auth/sign-in,401,True,90,240,61,False,auth,38,Tabuk,ios,Mozilla/5.0 (compatible; MSIE 6.0; Windows NT 6.1; Trident/4.0),playwright,1,credential_stuffing
2026-04-04T10:56:52.639160+00:00,ce9eea30-a237-44f2-9088-81b92f0aad8f,attacker,lauren57@example.org,unknown,failed_login,POST,/auth/sign-in,401,True,165,314,57,False,auth,38,Jeddah,ios,Mozilla/5.0 (compatible; MSIE 9.0; Windows NT 5.1; Trident/4.0),playwright,1,brute_force
2026-04-04T10:56:52.777402+00:00,771809c3-b691-4b63-bcd7-d06626862b3d,attacker,mitchellmitchell@example.org,unknown,credential_stuffing,POST,/auth/sign-in,500,True,314,131,70,False,auth,21,Mecca,web,"Mozilla/5.0 (iPod; U; CPU iPhone OS 4_0 like Mac OS X; cv-RU) AppleWebKit/532.41.2 (KHTML, like Gecko) Version/3.0.5 Mobile/8B111 Safari/6532.41.2",playwright,1,credential_stuffing
2026-04-04T10:56:52.849935+00:00,771809c3-b691-4b63-bcd7-d06626862b3d,attacker,ramirezdiana@example.net,unknown,credential_stuffing,POST,/auth/sign-in,ERR,True,0,51,65,False,auth,0,Mecca,web,"Mozilla/5.0 (iPod; U; CPU iPhone OS 4_0 like Mac OS X; cv-RU) AppleWebKit/532.41.2 (KHTML, like Gecko) Version/3.0.5 Mobile/8B111 Safari/6532.41.2",playwright,1,credential_stuffing
2026-04-04T10:56:52.863065+00:00,ce9eea30-a237-44f2-9088-81b92f0aad8f,attacker,lauren57@example.org,unknown,failed_login,POST,/auth/sign-in,500,True,144,64,54,False,auth,21,Jeddah,ios,Mozilla/5.0 (compatible; MSIE 9.0; Windows NT 5.1; Trident/4.0),playwright,1,brute_force
2026-04-04T10:56:53.205491+00:00,ce9eea30-a237-44f2-9088-81b92f0aad8f,attacker,lauren57@example.org,unknown,failed_login,POST,/auth/sign-in,422,True,214,124,56,False,auth,156,Jeddah,ios,Mozilla/5.0 (compatible; MSIE 9.0; Windows NT 5.1; Trident/4.0),playwright,1,brute_force
2026-04-04T10:56:53.246418+00:00,9568b4e0-a3bf-4ae3-92f6-907f1efc88f3,attacker,reillypaul@example.net,unknown,credential_stuffing,POST,/auth/sign-in,500,True,655,185,65,False,auth,21,Tabuk,ios,Mozilla/5.0 (compatible; MSIE 6.0; Windows NT 6.1; Trident/4.0),playwright,1,credential_stuffing
2026-04-04T10:56:53.277064+00:00,c53785a5-4926-4063-aa32-d115d51c2fec,attacker,lindsaywalker@example.com,unknown,failed_login,POST,/auth/sign-in,500,True,645,271,66,False,auth,21,Khobar,android,"Mozilla/5.0 (X11; Linux i686) AppleWebKit/534.2 (KHTML, like Gecko) Chrome/31.0.802.0 Safari/534.2",playwright,1,brute_force
2026-04-04T10:56:53.408868+00:00,771809c3-b691-4b63-bcd7-d06626862b3d,attacker,rebekahestrada@example.com,unknown,credential_stuffing,POST,/auth/sign-in,401,True,314,240,66,False,auth,38,Mecca,web,"Mozilla/5.0 (iPod; U; CPU iPhone OS 4_0 like Mac OS X; cv-RU) AppleWebKit/532.41.2 (KHTML, like Gecko) Version/3.0.5 Mobile/8B111 Safari/6532.41.2",playwright,1,credential_stuffing
2026-04-04T10:56:53.501765+00:00,9568b4e0-a3bf-4ae3-92f6-907f1efc88f3,attacker,powersphilip@example.org,unknown,credential_stuffing,POST,/auth/sign-in,401,True,122,130,66,False,auth,38,Tabuk,ios,Mozilla/5.0 (compatible; MSIE 6.0; Windows NT 6.1; Trident/4.0),playwright,1,credential_stuffing
2026-04-04T10:56:53.519534+00:00,ce9eea30-a237-44f2-9088-81b92f0aad8f,attacker,lauren57@example.org,unknown,failed_login,POST,/auth/sign-in,422,True,26,283,56,False,auth,156,Jeddah,ios,Mozilla/5.0 (compatible; MSIE 9.0; Windows NT 5.1; Trident/4.0),playwright,1,brute_force
2026-04-04T10:56:53.549254+00:00,c53785a5-4926-4063-aa32-d115d51c2fec,attacker,lindsaywalker@example.com,unknown,failed_login,POST,/auth/sign-in,422,True,87,175,61,False,auth,156,Khobar,android,"Mozilla/5.0 (X11; Linux i686) AppleWebKit/534.2 (KHTML, like Gecko) Chrome/31.0.802.0 Safari/534.2",playwright,1,brute_force
2026-04-04T10:56:53.897159+00:00,9568b4e0-a3bf-4ae3-92f6-907f1efc88f3,attacker,wpayne@example.com,unknown,credential_stuffing,POST,/auth/sign-in,401,True,336,56,55,False,auth,38,Tabuk,ios,Mozilla/5.0 (compatible; MSIE 6.0; Windows NT 6.1; Trident/4.0),playwright,1,credential_stuffing
2026-04-04T10:56:53.901922+00:00,771809c3-b691-4b63-bcd7-d06626862b3d,attacker,robert79@example.com,unknown,credential_stuffing,POST,/auth/sign-in,500,True,411,73,62,False,auth,21,Mecca,web,"Mozilla/5.0 (iPod; U; CPU iPhone OS 4_0 like Mac OS X; cv-RU) AppleWebKit/532.41.2 (KHTML, like Gecko) Version/3.0.5 Mobile/8B111 Safari/6532.41.2",playwright,1,credential_stuffing
2026-04-04T10:56:54.070363+00:00,c53785a5-4926-4063-aa32-d115d51c2fec,attacker,lindsaywalker@example.com,unknown,failed_login,POST,/auth/sign-in,422,True,286,229,60,False,auth,155,Khobar,android,"Mozilla/5.0 (X11; Linux i686) AppleWebKit/534.2 (KHTML, like Gecko) Chrome/31.0.802.0 Safari/534.2",playwright,1,brute_force
2026-04-04T10:56:54.097385+00:00,771809c3-b691-4b63-bcd7-d06626862b3d,attacker,donald80@example.com,unknown,credential_stuffing,POST,/auth/sign-in,500,True,151,41,59,False,auth,21,Mecca,web,"Mozilla/5.0 (iPod; U; CPU iPhone OS 4_0 like Mac OS X; cv-RU) AppleWebKit/532.41.2 (KHTML, like Gecko) Version/3.0.5 Mobile/8B111 Safari/6532.41.2",playwright,1,credential_stuffing
2026-04-04T10:56:54.130383+00:00,ce9eea30-a237-44f2-9088-81b92f0aad8f,attacker,lauren57@example.org,unknown,failed_login,POST,/auth/sign-in,422,True,297,303,55,False,auth,155,Jeddah,ios,Mozilla/5.0 (compatible; MSIE 9.0; Windows NT 5.1; Trident/4.0),playwright,1,brute_force
2026-04-04T10:56:54.235660+00:00,9568b4e0-a3bf-4ae3-92f6-907f1efc88f3,attacker,vbaker@example.net,unknown,credential_stuffing,POST,/auth/sign-in,401,True,154,179,59,False,auth,38,Tabuk,ios,Mozilla/5.0 (compatible; MSIE 6.0; Windows NT 6.1; Trident/4.0),playwright,1,credential_stuffing
2026-04-04T10:56:54.424363+00:00,c53785a5-4926-4063-aa32-d115d51c2fec,attacker,lindsaywalker@example.com,unknown,failed_login,POST,/auth/sign-in,401,True,107,242,64,False,auth,38,Khobar,android,"Mozilla/5.0 (X11; Linux i686) AppleWebKit/534.2 (KHTML, like Gecko) Chrome/31.0.802.0 Safari/534.2",playwright,1,brute_force
2026-04-04T10:56:54.474355+00:00,771809c3-b691-4b63-bcd7-d06626862b3d,attacker,jill47@example.com,unknown,credential_stuffing,POST,/auth/sign-in,401,True,235,136,58,False,auth,38,Mecca,web,"Mozilla/5.0 (iPod; U; CPU iPhone OS 4_0 like Mac OS X; cv-RU) AppleWebKit/532.41.2 (KHTML, like Gecko) Version/3.0.5 Mobile/8B111 Safari/6532.41.2",playwright,1,credential_stuffing
2026-04-04T10:56:54.602826+00:00,b276a021-6f61-40cf-af89-2bd1bc929e25,admin,admin,admin_1,admin_users,GET,/admin/users,500,False,591,1838,0,True,admin,21,Jeddah,ios,"Mozilla/5.0 (iPod; U; CPU iPhone OS 3_0 like Mac OS X; ug-CN) AppleWebKit/535.12.1 (KHTML, like Gecko) Version/4.0.5 Mobile/8B119 Safari/6535.12.1",playwright,0,normal
2026-04-04T10:56:54.605636+00:00,9568b4e0-a3bf-4ae3-92f6-907f1efc88f3,attacker,brian18@example.org,unknown,credential_stuffing,POST,/auth/sign-in,401,True,139,227,61,False,auth,38,Tabuk,ios,Mozilla/5.0 (compatible; MSIE 6.0; Windows NT 6.1; Trident/4.0),playwright,1,credential_stuffing
2026-04-04T10:56:54.609230+00:00,ce9eea30-a237-44f2-9088-81b92f0aad8f,attacker,lauren57@example.org,unknown,failed_login,POST,/auth/sign-in,500,True,204,271,57,False,auth,21,Jeddah,ios,Mozilla/5.0 (compatible; MSIE 9.0; Windows NT 5.1; Trident/4.0),playwright,1,brute_force
2026-04-04T10:56:54.702710+00:00,c53785a5-4926-4063-aa32-d115d51c2fec,attacker,lindsaywalker@example.com,unknown,failed_login,POST,/auth/sign-in,422,True,11,264,61,False,auth,156,Khobar,android,"Mozilla/5.0 (X11; Linux i686) AppleWebKit/534.2 (KHTML, like Gecko) Chrome/31.0.802.0 Safari/534.2",playwright,1,brute_force
2026-04-04T10:56:54.719924+00:00,771809c3-b691-4b63-bcd7-d06626862b3d,attacker,clarktom@example.net,unknown,credential_stuffing,POST,/auth/sign-in,401,True,50,191,60,False,auth,38,Mecca,web,"Mozilla/5.0 (iPod; U; CPU iPhone OS 4_0 like Mac OS X; cv-RU) AppleWebKit/532.41.2 (KHTML, like Gecko) Version/3.0.5 Mobile/8B111 Safari/6532.41.2",playwright,1,credential_stuffing
2026-04-04T10:56:54.751625+00:00,7e1c866b-9334-4006-815b-21866955ffc4,casual,davidcrawford@example.net,u_1089,view_profile,GET,/users/u_1089,200,False,394,4334,0,True,account,224,Medina,web,"Mozilla/5.0 (Linux; Android 12.1) AppleWebKit/532.2 (KHTML, like Gecko) Chrome/52.0.814.0 Safari/532.2",playwright,0,normal
2026-04-04T10:56:54.917926+00:00,9568b4e0-a3bf-4ae3-92f6-907f1efc88f3,attacker,owenscatherine@example.com,unknown,credential_stuffing,POST,/auth/sign-in,401,True,259,46,68,False,auth,38,Tabuk,ios,Mozilla/5.0 (compatible; MSIE 6.0; Windows NT 6.1; Trident/4.0),playwright,1,credential_stuffing
2026-04-04T10:56:55.141711+00:00,c53785a5-4926-4063-aa32-d115d51c2fec,attacker,lindsaywalker@example.com,unknown,failed_login,POST,/auth/sign-in,401,True,361,69,66,False,auth,38,Khobar,android,"Mozilla/5.0 (X11; Linux i686) AppleWebKit/534.2 (KHTML, like Gecko) Chrome/31.0.802.0 Safari/534.2",playwright,1,brute_force
2026-04-04T10:56:55.144863+00:00,ce9eea30-a237-44f2-9088-81b92f0aad8f,attacker,lauren57@example.org,unknown,failed_login,POST,/auth/sign-in,500,True,298,232,58,False,auth,21,Jeddah,ios,Mozilla/5.0 (compatible; MSIE 9.0; Windows NT 5.1; Trident/4.0),playwright,1,brute_force
2026-04-04T10:56:55.248794+00:00,771809c3-b691-4b63-bcd7-d06626862b3d,attacker,pwilson@example.org,unknown,credential_stuffing,POST,/auth/sign-in,500,True,350,173,56,False,auth,21,Mecca,web,"Mozilla/5.0 (iPod; U; CPU iPhone OS 4_0 like Mac OS X; cv-RU) AppleWebKit/532.41.2 (KHTML, like Gecko) Version/3.0.5 Mobile/8B111 Safari/6532.41.2",playwright,1,credential_stuffing
2026-04-04T10:56:55.383828+00:00,9568b4e0-a3bf-4ae3-92f6-907f1efc88f3,attacker,joshua86@example.com,unknown,credential_stuffing,POST,/auth/sign-in,500,True,351,109,63,False,auth,21,Tabuk,ios,Mozilla/5.0 (compatible; MSIE 6.0; Windows NT 6.1; Trident/4.0),playwright,1,credential_stuffing
2026-04-04T10:56:55.477467+00:00,c53785a5-4926-4063-aa32-d115d51c2fec,attacker,lindsaywalker@example.com,unknown,failed_login,POST,/auth/sign-in,422,True,147,178,60,False,auth,155,Khobar,android,"Mozilla/5.0 (X11; Linux i686) AppleWebKit/534.2 (KHTML, like Gecko) Chrome/31.0.802.0 Safari/534.2",playwright,1,brute_force
2026-04-04T10:56:55.566685+00:00,ce9eea30-a237-44f2-9088-81b92f0aad8f,attacker,lauren57@example.org,unknown,failed_login,POST,/auth/sign-in,401,True,217,184,59,False,auth,38,Jeddah,ios,Mozilla/5.0 (compatible; MSIE 9.0; Windows NT 5.1; Trident/4.0),playwright,1,brute_force
2026-04-04T10:56:55.576540+00:00,771809c3-b691-4b63-bcd7-d06626862b3d,attacker,martinezsharon@example.org,unknown,credential_stuffing,POST,/auth/sign-in,401,True,177,144,65,False,auth,38,Mecca,web,"Mozilla/5.0 (iPod; U; CPU iPhone OS 4_0 like Mac OS X; cv-RU) AppleWebKit/532.41.2 (KHTML, like Gecko) Version/3.0.5 Mobile/8B111 Safari/6532.41.2",playwright,1,credential_stuffing
2026-04-04T10:56:55.591068+00:00,c53785a5-4926-4063-aa32-d115d51c2fec,attacker,lindsaywalker@example.com,unknown,failed_login,POST,/auth/sign-in,422,True,38,70,60,False,auth,155,Khobar,android,"Mozilla/5.0 (X11; Linux i686) AppleWebKit/534.2 (KHTML, like Gecko) Chrome/31.0.802.0 Safari/534.2",playwright,1,brute_force
2026-04-04T10:56:55.662040+00:00,9568b4e0-a3bf-4ae3-92f6-907f1efc88f3,attacker,brentmurphy@example.org,unknown,credential_stuffing,POST,/auth/sign-in,401,True,114,151,61,False,auth,38,Tabuk,ios,Mozilla/5.0 (compatible; MSIE 6.0; Windows NT 6.1; Trident/4.0),playwright,1,credential_stuffing
2026-04-04T10:56:55.887748+00:00,771809c3-b691-4b63-bcd7-d06626862b3d,attacker,anthony38@example.com,unknown,credential_stuffing,POST,/auth/sign-in,500,True,243,62,60,False,auth,21,Mecca,web,"Mozilla/5.0 (iPod; U; CPU iPhone OS 4_0 like Mac OS X; cv-RU) AppleWebKit/532.41.2 (KHTML, like Gecko) Version/3.0.5 Mobile/8B111 Safari/6532.41.2",playwright,1,credential_stuffing
2026-04-04T10:56:56.071022+00:00,ce9eea30-a237-44f2-9088-81b92f0aad8f,attacker,lauren57@example.org,unknown,failed_login,POST,/auth/sign-in,401,True,235,263,61,False,auth,38,Jeddah,ios,Mozilla/5.0 (compatible; MSIE 9.0; Windows NT 5.1; Trident/4.0),playwright,1,brute_force
2026-04-04T10:56:56.073452+00:00,b276a021-6f61-40cf-af89-2bd1bc929e25,admin,admin,admin_1,admin_wallets,GET,/admin/wallets,500,False,374,1089,0,True,admin,21,Jeddah,ios,"Mozilla/5.0 (iPod; U; CPU iPhone OS 3_0 like Mac OS X; ug-CN) AppleWebKit/535.12.1 (KHTML, like Gecko) Version/4.0.5 Mobile/8B119 Safari/6535.12.1",playwright,0,normal
2026-04-04T10:56:56.189044+00:00,9568b4e0-a3bf-4ae3-92f6-907f1efc88f3,attacker,josephperez@example.org,unknown,credential_stuffing,POST,/auth/sign-in,500,True,285,236,66,False,auth,21,Tabuk,ios,Mozilla/5.0 (compatible; MSIE 6.0; Windows NT 6.1; Trident/4.0),playwright,1,credential_stuffing
2026-04-04T10:56:56.199349+00:00,771809c3-b691-4b63-bcd7-d06626862b3d,attacker,tracy87@example.com,unknown,credential_stuffing,POST,/auth/sign-in,401,True,142,166,56,False,auth,38,Mecca,web,"Mozilla/5.0 (iPod; U; CPU iPhone OS 4_0 like Mac OS X; cv-RU) AppleWebKit/532.41.2 (KHTML, like Gecko) Version/3.0.5 Mobile/8B111 Safari/6532.41.2",playwright,1,credential_stuffing
2026-04-04T10:56:56.311381+00:00,c53785a5-4926-4063-aa32-d115d51c2fec,attacker,lindsaywalker@example.com,unknown,failed_login,POST,/auth/sign-in,401,True,355,311,66,False,auth,38,Khobar,android,"Mozilla/5.0 (X11; Linux i686) AppleWebKit/534.2 (KHTML, like Gecko) Chrome/31.0.802.0 Safari/534.2",playwright,1,brute_force
2026-04-04T10:56:56.489460+00:00,ce9eea30-a237-44f2-9088-81b92f0aad8f,attacker,lauren57@example.org,unknown,failed_login,POST,/auth/sign-in,401,True,357,57,57,False,auth,38,Jeddah,ios,Mozilla/5.0 (compatible; MSIE 9.0; Windows NT 5.1; Trident/4.0),playwright,1,brute_force
2026-04-04T10:56:56.814940+00:00,771809c3-b691-4b63-bcd7-d06626862b3d,attacker,pricejill@example.net,unknown,credential_stuffing,POST,/auth/sign-in,500,True,511,100,62,False,auth,21,Mecca,web,"Mozilla/5.0 (iPod; U; CPU iPhone OS 4_0 like Mac OS X; cv-RU) AppleWebKit/532.41.2 (KHTML, like Gecko) Version/3.0.5 Mobile/8B111 Safari/6532.41.2",playwright,1,credential_stuffing
2026-04-04T10:56:56.858987+00:00,ce9eea30-a237-44f2-9088-81b92f0aad8f,attacker,lauren57@example.org,unknown,failed_login,POST,/auth/sign-in,500,True,195,169,59,False,auth,21,Jeddah,ios,Mozilla/5.0 (compatible; MSIE 9.0; Windows NT 5.1; Trident/4.0),playwright,1,brute_force
2026-04-04T10:56:56.878534+00:00,c53785a5-4926-4063-aa32-d115d51c2fec,attacker,lindsaywalker@example.com,unknown,failed_login,POST,/auth/sign-in,500,True,348,175,66,False,auth,21,Khobar,android,"Mozilla/5.0 (X11; Linux i686) AppleWebKit/534.2 (KHTML, like Gecko) Chrome/31.0.802.0 Safari/534.2",playwright,1,brute_force
2026-04-04T10:56:56.892284+00:00,9568b4e0-a3bf-4ae3-92f6-907f1efc88f3,attacker,abrown@example.org,unknown,credential_stuffing,POST,/auth/sign-in,401,True,496,202,58,False,auth,38,Tabuk,ios,Mozilla/5.0 (compatible; MSIE 6.0; Windows NT 6.1; Trident/4.0),playwright,1,credential_stuffing
2026-04-04T10:56:56.984206+00:00,771809c3-b691-4b63-bcd7-d06626862b3d,attacker,jacksonjonathan@example.com,unknown,credential_stuffing,POST,/auth/sign-in,401,True,80,85,66,False,auth,38,Mecca,web,"Mozilla/5.0 (iPod; U; CPU iPhone OS 4_0 like Mac OS X; cv-RU) AppleWebKit/532.41.2 (KHTML, like Gecko) Version/3.0.5 Mobile/8B111 Safari/6532.41.2",playwright,1,credential_stuffing
2026-04-04T10:56:57.051120+00:00,c1f4cef3-97b7-41db-aadc-4859223250b9,casual,lindsaywalker@example.com,u_1090,withdraw_overdraft,POST,/users/u_1090/wallet/withdraw,400,False,539,4314,18,True,wallet,33,Khobar,web,Mozilla/5.0 (compatible; MSIE 7.0; Windows CE; Trident/3.0),playwright,0,normal
2026-04-04T10:56:57.082028+00:00,c53785a5-4926-4063-aa32-d115d51c2fec,attacker,lindsaywalker@example.com,unknown,failed_login,POST,/auth/sign-in,422,True,33,167,60,False,auth,155,Khobar,android,"Mozilla/5.0 (X11; Linux i686) AppleWebKit/534.2 (KHTML, like Gecko) Chrome/31.0.802.0 Safari/534.2",playwright,1,brute_force
2026-04-04T10:56:57.188255+00:00,aca0da79-59ae-45b6-98b7-af1e1a008aa4,attacker,stephenpark@example.net,u_1084,sign_in_scan,POST,/auth/sign-in,200,False,99,0,63,False,auth,168,Mecca,ios,"Mozilla/5.0 (Windows NT 5.0) AppleWebKit/533.0 (KHTML, like Gecko) Chrome/14.0.836.0 Safari/533.0",playwright,1,scanning
2026-04-04T10:56:57.206178+00:00,9568b4e0-a3bf-4ae3-92f6-907f1efc88f3,attacker,lward@example.net,unknown,credential_stuffing,POST,/auth/sign-in,401,True,70,239,54,False,auth,38,Tabuk,ios,Mozilla/5.0 (compatible; MSIE 6.0; Windows NT 6.1; Trident/4.0),playwright,1,credential_stuffing
2026-04-04T10:56:57.227647+00:00,771809c3-b691-4b63-bcd7-d06626862b3d,attacker,terrymichael@example.net,unknown,credential_stuffing,POST,/auth/sign-in,401,True,74,161,63,False,auth,38,Mecca,web,"Mozilla/5.0 (iPod; U; CPU iPhone OS 4_0 like Mac OS X; cv-RU) AppleWebKit/532.41.2 (KHTML, like Gecko) Version/3.0.5 Mobile/8B111 Safari/6532.41.2",playwright,1,credential_stuffing
2026-04-04T10:56:57.264122+00:00,ce9eea30-a237-44f2-9088-81b92f0aad8f,attacker,lauren57@example.org,unknown,failed_login,POST,/auth/sign-in,422,True,30,358,56,False,auth,156,Jeddah,ios,Mozilla/5.0 (compatible; MSIE 9.0; Windows NT 5.1; Trident/4.0),playwright,1,brute_force
2026-04-04T10:56:57.381851+00:00,aca0da79-59ae-45b6-98b7-af1e1a008aa4,attacker,stephenpark@example.net,u_1084,probe,GET,/users/u_1001/wallet,200,False,46,137,0,True,wallet,57,Mecca,ios,"Mozilla/5.0 (Windows NT 5.0) AppleWebKit/533.0 (KHTML, like Gecko) Chrome/14.0.836.0 Safari/533.0",playwright,1,scanning
2026-04-04T10:56:57.616061+00:00,9568b4e0-a3bf-4ae3-92f6-907f1efc88f3,attacker,eric81@example.org,unknown,credential_stuffing,POST,/auth/sign-in,401,True,173,229,56,False,auth,38,Tabuk,ios,Mozilla/5.0 (compatible; MSIE 6.0; Windows NT 6.1; Trident/4.0),playwright,1,credential_stuffing
2026-04-04T10:56:57.644790+00:00,aca0da79-59ae-45b6-98b7-af1e1a008aa4,attacker,stephenpark@example.net,u_1084,probe,GET,/admin/transactions,401,False,120,129,0,False,admin,33,Mecca,ios,"Mozilla/5.0 (Windows NT 5.0) AppleWebKit/533.0 (KHTML, like Gecko) Chrome/14.0.836.0 Safari/533.0",playwright,1,scanning
2026-04-04T10:56:57.699215+00:00,771809c3-b691-4b63-bcd7-d06626862b3d,attacker,claire62@example.org,unknown,credential_stuffing,POST,/auth/sign-in,500,True,286,180,63,False,auth,21,Mecca,web,"Mozilla/5.0 (iPod; U; CPU iPhone OS 4_0 like Mac OS X; cv-RU) AppleWebKit/532.41.2 (KHTML, like Gecko) Version/3.0.5 Mobile/8B111 Safari/6532.41.2",playwright,1,credential_stuffing
2026-04-04T10:56:57.843552+00:00,ce9eea30-a237-44f2-9088-81b92f0aad8f,attacker,lauren57@example.org,unknown,failed_login,POST,/auth/sign-in,401,True,248,325,60,False,auth,38,Jeddah,ios,Mozilla/5.0 (compatible; MSIE 9.0; Windows NT 5.1; Trident/4.0),playwright,1,brute_force
2026-04-04T10:56:57.850517+00:00,9568b4e0-a3bf-4ae3-92f6-907f1efc88f3,attacker,sperez@example.com,unknown,credential_stuffing,POST,/auth/sign-in,401,True,128,96,55,False,auth,38,Tabuk,ios,Mozilla/5.0 (compatible; MSIE 6.0; Windows NT 6.1; Trident/4.0),playwright,1,credential_stuffing
2026-04-04T10:56:57.934344+00:00,b276a021-6f61-40cf-af89-2bd1bc929e25,admin,admin,admin_1,admin_transactions,GET,/admin/transactions,500,False,359,1498,0,True,admin,21,Jeddah,ios,"Mozilla/5.0 (iPod; U; CPU iPhone OS 3_0 like Mac OS X; ug-CN) AppleWebKit/535.12.1 (KHTML, like Gecko) Version/4.0.5 Mobile/8B119 Safari/6535.12.1",playwright,0,normal
2026-04-04T10:56:58.002073+00:00,f5bc9690-8a17-4996-ba2c-6465b545003c,casual,krystal59@example.net,u_1088,sign_in,POST,/auth/sign-in,200,False,329,4917,62,False,auth,164,Taif,ios,Mozilla/5.0 (compatible; MSIE 6.0; Windows NT 5.0; Trident/3.0),playwright,0,normal
2026-04-04T10:56:58.110512+00:00,aca0da79-59ae-45b6-98b7-af1e1a008aa4,attacker,stephenpark@example.net,u_1084,probe,GET,/admin/users,401,False,115,344,0,False,admin,33,Mecca,ios,"Mozilla/5.0 (Windows NT 5.0) AppleWebKit/533.0 (KHTML, like Gecko) Chrome/14.0.836.0 Safari/533.0",playwright,1,scanning
2026-04-04T10:56:58.116166+00:00,771809c3-b691-4b63-bcd7-d06626862b3d,attacker,carrolljohn@example.com,unknown,credential_stuffing,POST,/auth/sign-in,401,True,169,232,64,False,auth,38,Mecca,web,"Mozilla/5.0 (iPod; U; CPU iPhone OS 4_0 like Mac OS X; cv-RU) AppleWebKit/532.41.2 (KHTML, like Gecko) Version/3.0.5 Mobile/8B111 Safari/6532.41.2",playwright,1,credential_stuffing
2026-04-04T10:56:58.154762+00:00,bfadcad3-ad8a-474b-8b13-fe58d1d9dcbe,transactor,vrosario@example.net,u_1091,sign_in,POST,/auth/sign-in,200,False,335,4360,57,False,auth,163,Dammam,ios,"Mozilla/5.0 (iPad; CPU iPad OS 12_5_7 like Mac OS X) AppleWebKit/536.1 (KHTML, like Gecko) FxiOS/13.4d9476.0 Mobile/12M425 Safari/536.1",playwright,0,normal
2026-04-04T10:56:58.190770+00:00,9568b4e0-a3bf-4ae3-92f6-907f1efc88f3,attacker,zmoody@example.com,unknown,credential_stuffing,POST,/auth/sign-in,401,True,160,174,55,False,auth,38,Tabuk,ios,Mozilla/5.0 (compatible; MSIE 6.0; Windows NT 6.1; Trident/4.0),playwright,1,credential_stuffing
2026-04-04T10:56:58.235714+00:00,aca0da79-59ae-45b6-98b7-af1e1a008aa4,attacker,stephenpark@example.net,u_1084,probe,GET,/debug/users,404,False,21,99,0,False,other,22,Mecca,ios,"Mozilla/5.0 (Windows NT 5.0) AppleWebKit/533.0 (KHTML, like Gecko) Chrome/14.0.836.0 Safari/533.0",playwright,1,scanning
2026-04-04T10:56:58.333049+00:00,771809c3-b691-4b63-bcd7-d06626862b3d,attacker,kaufmananthony@example.net,unknown,credential_stuffing,POST,/auth/sign-in,401,True,145,65,63,False,auth,38,Mecca,web,"Mozilla/5.0 (iPod; U; CPU iPhone OS 4_0 like Mac OS X; cv-RU) AppleWebKit/532.41.2 (KHTML, like Gecko) Version/3.0.5 Mobile/8B111 Safari/6532.41.2",playwright,1,credential_stuffing
2026-04-04T10:56:58.340584+00:00,ce9eea30-a237-44f2-9088-81b92f0aad8f,attacker,lauren57@example.org,unknown,failed_login,POST,/auth/sign-in,401,True,105,387,59,False,auth,38,Jeddah,ios,Mozilla/5.0 (compatible; MSIE 9.0; Windows NT 5.1; Trident/4.0),playwright,1,brute_force
2026-04-04T10:56:58.498895+00:00,9568b4e0-a3bf-4ae3-92f6-907f1efc88f3,attacker,jjohnson@example.com,unknown,credential_stuffing,POST,/auth/sign-in,401,True,238,64,62,False,auth,38,Tabuk,ios,Mozilla/5.0 (compatible; MSIE 6.0; Windows NT 6.1; Trident/4.0),playwright,1,credential_stuffing
2026-04-04T10:56:58.641146+00:00,aca0da79-59ae-45b6-98b7-af1e1a008aa4,attacker,stephenpark@example.net,u_1084,probe,GET,/.env,404,False,103,292,0,False,other,22,Mecca,ios,"Mozilla/5.0 (Windows NT 5.0) AppleWebKit/533.0 (KHTML, like Gecko) Chrome/14.0.836.0 Safari/533.0",playwright,1,scanning
2026-04-04T10:56:58.733843+00:00,b276a021-6f61-40cf-af89-2bd1bc929e25,admin,admin,admin_1,admin_financial,GET,/admin/overview/financial,200,False,135,659,0,True,admin,300,Jeddah,ios,"Mozilla/5.0 (iPod; U; CPU iPhone OS 3_0 like Mac OS X; ug-CN) AppleWebKit/535.12.1 (KHTML, like Gecko) Version/4.0.5 Mobile/8B119 Safari/6535.12.1",playwright,0,normal
2026-04-04T10:56:58.827942+00:00,62707b69-d832-40d4-b93a-14a1a66e2f12,casual,darius93@example.net,u_1083,sign_in,POST,/auth/sign-in,200,False,787,5769,59,False,auth,164,Dammam,ios,"Mozilla/5.0 (iPad; CPU iPad OS 6_1_6 like Mac OS X) AppleWebKit/535.2 (KHTML, like Gecko) FxiOS/12.3t4156.0 Mobile/03I510 Safari/535.2",playwright,0,normal
2026-04-04T10:56:58.830153+00:00,771809c3-b691-4b63-bcd7-d06626862b3d,attacker,butlerjohn@example.net,unknown,credential_stuffing,POST,/auth/sign-in,500,True,262,228,59,False,auth,21,Mecca,web,"Mozilla/5.0 (iPod; U; CPU iPhone OS 4_0 like Mac OS X; cv-RU) AppleWebKit/532.41.2 (KHTML, like Gecko) Version/3.0.5 Mobile/8B111 Safari/6532.41.2",playwright,1,credential_stuffing
2026-04-04T10:56:58.887628+00:00,9568b4e0-a3bf-4ae3-92f6-907f1efc88f3,attacker,hernandezpamela@example.net,unknown,credential_stuffing,POST,/auth/sign-in,401,True,156,228,66,False,auth,38,Tabuk,ios,Mozilla/5.0 (compatible; MSIE 6.0; Windows NT 6.1; Trident/4.0),playwright,1,credential_stuffing
2026-04-04T10:56:58.937045+00:00,ce9eea30-a237-44f2-9088-81b92f0aad8f,attacker,lauren57@example.org,unknown,failed_login,POST,/auth/sign-in,500,True,247,346,60,False,auth,21,Jeddah,ios,Mozilla/5.0 (compatible; MSIE 9.0; Windows NT 5.1; Trident/4.0),playwright,1,brute_force
2026-04-04T10:56:59.003160+00:00,aca0da79-59ae-45b6-98b7-af1e1a008aa4,attacker,stephenpark@example.net,u_1084,probe,GET,/users/u_1084/bank-accounts,200,False,32,324,0,True,account,270,Mecca,ios,"Mozilla/5.0 (Windows NT 5.0) AppleWebKit/533.0 (KHTML, like Gecko) Chrome/14.0.836.0 Safari/533.0",playwright,1,scanning
2026-04-04T10:56:59.113239+00:00,771809c3-b691-4b63-bcd7-d06626862b3d,attacker,hernandezgary@example.net,unknown,credential_stuffing,POST,/auth/sign-in,401,True,131,144,63,False,auth,38,Mecca,web,"Mozilla/5.0 (iPod; U; CPU iPhone OS 4_0 like Mac OS X; cv-RU) AppleWebKit/532.41.2 (KHTML, like Gecko) Version/3.0.5 Mobile/8B111 Safari/6532.41.2",playwright,1,credential_stuffing
2026-04-04T10:56:59.127186+00:00,9568b4e0-a3bf-4ae3-92f6-907f1efc88f3,attacker,edwinpace@example.org,unknown,credential_stuffing,POST,/auth/sign-in,401,True,156,72,58,False,auth,38,Tabuk,ios,Mozilla/5.0 (compatible; MSIE 6.0; Windows NT 6.1; Trident/4.0),playwright,1,credential_stuffing
2026-04-04T10:56:59.149589+00:00,aca0da79-59ae-45b6-98b7-af1e1a008aa4,attacker,stephenpark@example.net,u_1084,probe,GET,/users/u_1084/payments,200,False,49,92,0,True,account,2,Mecca,ios,"Mozilla/5.0 (Windows NT 5.0) AppleWebKit/533.0 (KHTML, like Gecko) Chrome/14.0.836.0 Safari/533.0",playwright,1,scanning
2026-04-04T10:56:59.365773+00:00,aca0da79-59ae-45b6-98b7-af1e1a008aa4,attacker,stephenpark@example.net,u_1084,probe,GET,/admin/logs,404,False,115,94,0,False,admin,22,Mecca,ios,"Mozilla/5.0 (Windows NT 5.0) AppleWebKit/533.0 (KHTML, like Gecko) Chrome/14.0.836.0 Safari/533.0",playwright,1,scanning
2026-04-04T10:56:59.415090+00:00,ce9eea30-a237-44f2-9088-81b92f0aad8f,attacker,lauren57@example.org,unknown,failed_login,POST,/auth/sign-in,422,True,98,374,55,False,auth,155,Jeddah,ios,Mozilla/5.0 (compatible; MSIE 9.0; Windows NT 5.1; Trident/4.0),playwright,1,brute_force
2026-04-04T10:56:59.488213+00:00,aca0da79-59ae-45b6-98b7-af1e1a008aa4,attacker,stephenpark@example.net,u_1084,probe,GET,/config,404,False,30,87,0,False,other,22,Mecca,ios,"Mozilla/5.0 (Windows NT 5.0) AppleWebKit/533.0 (KHTML, like Gecko) Chrome/14.0.836.0 Safari/533.0",playwright,1,scanning
2026-04-04T10:56:59.561388+00:00,771809c3-b691-4b63-bcd7-d06626862b3d,attacker,rebeccaanderson@example.org,unknown,credential_stuffing,POST,/auth/sign-in,401,True,264,180,70,False,auth,38,Mecca,web,"Mozilla/5.0 (iPod; U; CPU iPhone OS 4_0 like Mac OS X; cv-RU) AppleWebKit/532.41.2 (KHTML, like Gecko) Version/3.0.5 Mobile/8B111 Safari/6532.41.2",playwright,1,credential_stuffing
2026-04-04T10:56:59.579606+00:00,9568b4e0-a3bf-4ae3-92f6-907f1efc88f3,attacker,wyoung@example.net,unknown,credential_stuffing,POST,/auth/sign-in,500,True,256,192,61,False,auth,21,Tabuk,ios,Mozilla/5.0 (compatible; MSIE 6.0; Windows NT 6.1; Trident/4.0),playwright,1,credential_stuffing
2026-04-04T10:56:59.793979+00:00,ce9eea30-a237-44f2-9088-81b92f0aad8f,attacker,lauren57@example.org,unknown,failed_login,POST,/auth/sign-in,401,True,122,228,57,False,auth,38,Jeddah,ios,Mozilla/5.0 (compatible; MSIE 9.0; Windows NT 5.1; Trident/4.0),playwright,1,brute_force
2026-04-04T10:56:59.796527+00:00,bfadcad3-ad8a-474b-8b13-fe58d1d9dcbe,transactor,vrosario@example.net,u_1091,transfer,POST,/users/u_1091/wallet/transfer/u_1089,200,False,429,1200,17,True,wallet,72,Dammam,ios,"Mozilla/5.0 (iPad; CPU iPad OS 12_5_7 like Mac OS X) AppleWebKit/536.1 (KHTML, like Gecko) FxiOS/13.4d9476.0 Mobile/12M425 Safari/536.1",playwright,0,normal
2026-04-04T10:56:59.799795+00:00,aca0da79-59ae-45b6-98b7-af1e1a008aa4,attacker,stephenpark@example.net,u_1084,probe,GET,/admin/export,404,False,44,256,0,False,admin,22,Mecca,ios,"Mozilla/5.0 (Windows NT 5.0) AppleWebKit/533.0 (KHTML, like Gecko) Chrome/14.0.836.0 Safari/533.0",playwright,1,scanning
2026-04-04T10:57:00.001408+00:00,9568b4e0-a3bf-4ae3-92f6-907f1efc88f3,attacker,eric24@example.com,unknown,credential_stuffing,POST,/auth/sign-in,401,True,323,94,58,False,auth,38,Tabuk,ios,Mozilla/5.0 (compatible; MSIE 6.0; Windows NT 6.1; Trident/4.0),playwright,1,credential_stuffing
2026-04-04T10:57:00.054528+00:00,aca0da79-59ae-45b6-98b7-af1e1a008aa4,attacker,stephenpark@example.net,u_1084,probe,GET,/system/metrics,404,False,95,154,0,False,other,22,Mecca,ios,"Mozilla/5.0 (Windows NT 5.0) AppleWebKit/533.0 (KHTML, like Gecko) Chrome/14.0.836.0 Safari/533.0",playwright,1,scanning
2026-04-04T10:57:00.083169+00:00,771809c3-b691-4b63-bcd7-d06626862b3d,attacker,matthewsjeffrey@example.org,unknown,credential_stuffing,POST,/auth/sign-in,401,True,300,214,64,False,auth,38,Mecca,web,"Mozilla/5.0 (iPod; U; CPU iPhone OS 4_0 like Mac OS X; cv-RU) AppleWebKit/532.41.2 (KHTML, like Gecko) Version/3.0.5 Mobile/8B111 Safari/6532.41.2",playwright,1,credential_stuffing
2026-04-04T10:57:00.087209+00:00,ce9eea30-a237-44f2-9088-81b92f0aad8f,attacker,lauren57@example.org,unknown,failed_login,POST,/auth/sign-in,422,True,122,168,56,False,auth,156,Jeddah,ios,Mozilla/5.0 (compatible; MSIE 9.0; Windows NT 5.1; Trident/4.0),playwright,1,brute_force
2026-04-04T10:57:00.265529+00:00,ce9eea30-a237-44f2-9088-81b92f0aad8f,attacker,lauren57@example.org,unknown,failed_login,POST,/auth/sign-in,422,True,46,128,55,False,auth,155,Jeddah,ios,Mozilla/5.0 (compatible; MSIE 9.0; Windows NT 5.1; Trident/4.0),playwright,1,brute_force
2026-04-04T10:57:00.330561+00:00,d0fac5eb-be95-474f-99f6-bdacc41e84c3,attacker,davidcrawford@example.net,unknown,failed_login,POST,/auth/sign-in,401,True,115,207,62,False,auth,38,Medina,web,Opera/8.13.(X11; Linux x86_64; sa-IN) Presto/2.9.169 Version/11.00,playwright,1,brute_force
2026-04-04T10:57:00.414198+00:00,aca0da79-59ae-45b6-98b7-af1e1a008aa4,attacker,stephenpark@example.net,u_1084,probe,GET,/auth/me,200,False,77,277,0,True,auth,221,Mecca,ios,"Mozilla/5.0 (Windows NT 5.0) AppleWebKit/533.0 (KHTML, like Gecko) Chrome/14.0.836.0 Safari/533.0",playwright,1,scanning
2026-04-04T10:57:00.497187+00:00,d0fac5eb-be95-474f-99f6-bdacc41e84c3,attacker,davidcrawford@example.net,unknown,failed_login,POST,/auth/sign-in,422,True,22,139,60,False,auth,155,Medina,web,Opera/8.13.(X11; Linux x86_64; sa-IN) Presto/2.9.169 Version/11.00,playwright,1,brute_force
2026-04-04T10:57:00.516103+00:00,ce9eea30-a237-44f2-9088-81b92f0aad8f,attacker,lauren57@example.org,unknown,failed_login,POST,/auth/sign-in,422,True,25,222,55,False,auth,155,Jeddah,ios,Mozilla/5.0 (compatible; MSIE 9.0; Windows NT 5.1; Trident/4.0),playwright,1,brute_force
2026-04-04T10:57:00.589067+00:00,d0fac5eb-be95-474f-99f6-bdacc41e84c3,attacker,davidcrawford@example.net,unknown,failed_login,POST,/auth/sign-in,422,True,20,67,59,False,auth,154,Medina,web,Opera/8.13.(X11; Linux x86_64; sa-IN) Presto/2.9.169 Version/11.00,playwright,1,brute_force
2026-04-04T10:57:00.705123+00:00,aca0da79-59ae-45b6-98b7-af1e1a008aa4,attacker,stephenpark@example.net,u_1084,probe,GET,/users/u_1084/wallet,200,False,21,266,0,True,wallet,57,Mecca,ios,"Mozilla/5.0 (Windows NT 5.0) AppleWebKit/533.0 (KHTML, like Gecko) Chrome/14.0.836.0 Safari/533.0",playwright,1,scanning
2026-04-04T10:57:00.752846+00:00,d0fac5eb-be95-474f-99f6-bdacc41e84c3,attacker,davidcrawford@example.net,unknown,failed_login,POST,/auth/sign-in,422,True,18,141,61,False,auth,156,Medina,web,Opera/8.13.(X11; Linux x86_64; sa-IN) Presto/2.9.169 Version/11.00,playwright,1,brute_force
2026-04-04T10:57:00.815596+00:00,aca0da79-59ae-45b6-98b7-af1e1a008aa4,attacker,stephenpark@example.net,u_1084,probe,GET,/api/v1/config,404,False,11,95,0,False,other,22,Mecca,ios,"Mozilla/5.0 (Windows NT 5.0) AppleWebKit/533.0 (KHTML, like Gecko) Chrome/14.0.836.0 Safari/533.0",playwright,1,scanning
2026-04-04T10:57:00.882987+00:00,ce9eea30-a237-44f2-9088-81b92f0aad8f,attacker,lauren57@example.org,unknown,failed_login,POST,/auth/sign-in,422,True,17,345,55,False,auth,155,Jeddah,ios,Mozilla/5.0 (compatible; MSIE 9.0; Windows NT 5.1; Trident/4.0),playwright,1,brute_force
2026-04-04T10:57:00.952792+00:00,aca0da79-59ae-45b6-98b7-af1e1a008aa4,attacker,stephenpark@example.net,u_1084,probe,GET,/backup,404,False,11,123,0,False,other,22,Mecca,ios,"Mozilla/5.0 (Windows NT 5.0) AppleWebKit/533.0 (KHTML, like Gecko) Chrome/14.0.836.0 Safari/533.0",playwright,1,scanning
2026-04-04T10:57:00.954457+00:00,d0fac5eb-be95-474f-99f6-bdacc41e84c3,attacker,davidcrawford@example.net,unknown,failed_login,POST,/auth/sign-in,401,True,67,130,64,False,auth,38,Medina,web,Opera/8.13.(X11; Linux x86_64; sa-IN) Presto/2.9.169 Version/11.00,playwright,1,brute_force
2026-04-04T10:57:01.050259+00:00,b276a021-6f61-40cf-af89-2bd1bc929e25,admin,admin,admin_1,admin_users,GET,/admin/users,200,False,189,2117,0,True,admin,11020,Jeddah,ios,"Mozilla/5.0 (iPod; U; CPU iPhone OS 3_0 like Mac OS X; ug-CN) AppleWebKit/535.12.1 (KHTML, like Gecko) Version/4.0.5 Mobile/8B119 Safari/6535.12.1",playwright,0,normal
2026-04-04T10:57:01.199999+00:00,ce9eea30-a237-44f2-9088-81b92f0aad8f,attacker,lauren57@example.org,unknown,failed_login,POST,/auth/sign-in,422,True,13,300,55,False,auth,155,Jeddah,ios,Mozilla/5.0 (compatible; MSIE 9.0; Windows NT 5.1; Trident/4.0),playwright,1,brute_force
2026-04-04T10:57:01.299620+00:00,ce9eea30-a237-44f2-9088-81b92f0aad8f,attacker,lauren57@example.org,unknown,failed_login,POST,/auth/sign-in,422,True,16,79,55,False,auth,155,Jeddah,ios,Mozilla/5.0 (compatible; MSIE 9.0; Windows NT 5.1; Trident/4.0),playwright,1,brute_force
2026-04-04T10:57:01.379788+00:00,d0fac5eb-be95-474f-99f6-bdacc41e84c3,attacker,davidcrawford@example.net,unknown,failed_login,POST,/auth/sign-in,500,True,142,280,66,False,auth,21,Medina,web,Opera/8.13.(X11; Linux x86_64; sa-IN) Presto/2.9.169 Version/11.00,playwright,1,brute_force
2026-04-04T10:57:01.679851+00:00,ce9eea30-a237-44f2-9088-81b92f0aad8f,attacker,lauren57@example.org,unknown,failed_login,POST,/auth/sign-in,401,True,69,301,58,False,auth,38,Jeddah,ios,Mozilla/5.0 (compatible; MSIE 9.0; Windows NT 5.1; Trident/4.0),playwright,1,brute_force
2026-04-04T10:57:01.751394+00:00,d0fac5eb-be95-474f-99f6-bdacc41e84c3,attacker,davidcrawford@example.net,unknown,failed_login,POST,/auth/sign-in,401,True,90,277,65,False,auth,38,Medina,web,Opera/8.13.(X11; Linux x86_64; sa-IN) Presto/2.9.169 Version/11.00,playwright,1,brute_force
2026-04-04T10:57:02.063273+00:00,d0fac5eb-be95-474f-99f6-bdacc41e84c3,attacker,davidcrawford@example.net,unknown,failed_login,POST,/auth/sign-in,401,True,151,157,64,False,auth,38,Medina,web,Opera/8.13.(X11; Linux x86_64; sa-IN) Presto/2.9.169 Version/11.00,playwright,1,brute_force
2026-04-04T10:57:02.497074+00:00,d0fac5eb-be95-474f-99f6-bdacc41e84c3,attacker,davidcrawford@example.net,unknown,failed_login,POST,/auth/sign-in,401,True,77,352,65,False,auth,38,Medina,web,Opera/8.13.(X11; Linux x86_64; sa-IN) Presto/2.9.169 Version/11.00,playwright,1,brute_force
2026-04-04T10:57:02.526602+00:00,b276a021-6f61-40cf-af89-2bd1bc929e25,admin,admin,admin_1,admin_financial,GET,/admin/overview/financial,200,False,98,1374,0,True,admin,300,Jeddah,ios,"Mozilla/5.0 (iPod; U; CPU iPhone OS 3_0 like Mac OS X; ug-CN) AppleWebKit/535.12.1 (KHTML, like Gecko) Version/4.0.5 Mobile/8B119 Safari/6535.12.1",playwright,0,normal
2026-04-04T10:57:02.584584+00:00,d0fac5eb-be95-474f-99f6-bdacc41e84c3,attacker,davidcrawford@example.net,unknown,failed_login,POST,/auth/sign-in,422,True,18,66,61,False,auth,156,Medina,web,Opera/8.13.(X11; Linux x86_64; sa-IN) Presto/2.9.169 Version/11.00,playwright,1,brute_force
2026-04-04T10:57:02.843075+00:00,7e1c866b-9334-4006-815b-21866955ffc4,casual,davidcrawford@example.net,u_1089,pay_bill,POST,/users/u_1089/wallet/pay-bill,200,False,505,7578,17,True,wallet,77,Medina,web,"Mozilla/5.0 (Linux; Android 12.1) AppleWebKit/532.2 (KHTML, like Gecko) Chrome/52.0.814.0 Safari/532.2",playwright,0,normal
2026-04-04T10:57:02.896269+00:00,d0fac5eb-be95-474f-99f6-bdacc41e84c3,attacker,davidcrawford@example.net,unknown,failed_login,POST,/auth/sign-in,422,True,14,294,61,False,auth,156,Medina,web,Opera/8.13.(X11; Linux x86_64; sa-IN) Presto/2.9.169 Version/11.00,playwright,1,brute_force
2026-04-04T10:57:03.195550+00:00,d0fac5eb-be95-474f-99f6-bdacc41e84c3,attacker,davidcrawford@example.net,unknown,failed_login,POST,/auth/sign-in,401,True,67,229,62,False,auth,38,Medina,web,Opera/8.13.(X11; Linux x86_64; sa-IN) Presto/2.9.169 Version/11.00,playwright,1,brute_force
2026-04-04T10:57:03.604312+00:00,d0fac5eb-be95-474f-99f6-bdacc41e84c3,attacker,davidcrawford@example.net,unknown,failed_login,POST,/auth/sign-in,401,True,73,331,62,False,auth,38,Medina,web,Opera/8.13.(X11; Linux x86_64; sa-IN) Presto/2.9.169 Version/11.00,playwright,1,brute_force
2026-04-04T10:57:03.911603+00:00,d0fac5eb-be95-474f-99f6-bdacc41e84c3,attacker,davidcrawford@example.net,unknown,failed_login,POST,/auth/sign-in,422,True,17,286,59,False,auth,154,Medina,web,Opera/8.13.(X11; Linux x86_64; sa-IN) Presto/2.9.169 Version/11.00,playwright,1,brute_force
2026-04-04T10:57:04.245800+00:00,d0fac5eb-be95-474f-99f6-bdacc41e84c3,attacker,davidcrawford@example.net,unknown,failed_login,POST,/auth/sign-in,401,True,114,216,66,False,auth,38,Medina,web,Opera/8.13.(X11; Linux x86_64; sa-IN) Presto/2.9.169 Version/11.00,playwright,1,brute_force
2026-04-04T10:57:04.347681+00:00,b276a021-6f61-40cf-af89-2bd1bc929e25,admin,admin,admin_1,admin_financial,GET,/admin/overview/financial,200,False,55,1763,0,True,admin,300,Jeddah,ios,"Mozilla/5.0 (iPod; U; CPU iPhone OS 3_0 like Mac OS X; ug-CN) AppleWebKit/535.12.1 (KHTML, like Gecko) Version/4.0.5 Mobile/8B119 Safari/6535.12.1",playwright,0,normal
2026-04-04T10:57:04.497786+00:00,d0fac5eb-be95-474f-99f6-bdacc41e84c3,attacker,davidcrawford@example.net,unknown,failed_login,POST,/auth/sign-in,401,True,65,182,66,False,auth,38,Medina,web,Opera/8.13.(X11; Linux x86_64; sa-IN) Presto/2.9.169 Version/11.00,playwright,1,brute_force
2026-04-04T10:57:04.524384+00:00,bfadcad3-ad8a-474b-8b13-fe58d1d9dcbe,transactor,vrosario@example.net,u_1091,auth_me,GET,/auth/me,200,False,118,4605,0,True,auth,217,Dammam,ios,"Mozilla/5.0 (iPad; CPU iPad OS 12_5_7 like Mac OS X) AppleWebKit/536.1 (KHTML, like Gecko) FxiOS/13.4d9476.0 Mobile/12M425 Safari/536.1",playwright,0,normal
2026-04-04T10:57:04.812288+00:00,d0fac5eb-be95-474f-99f6-bdacc41e84c3,attacker,davidcrawford@example.net,unknown,failed_login,POST,/auth/sign-in,401,True,86,224,65,False,auth,38,Medina,web,Opera/8.13.(X11; Linux x86_64; sa-IN) Presto/2.9.169 Version/11.00,playwright,1,brute_force
2026-04-04T10:57:05.055195+00:00,d0fac5eb-be95-474f-99f6-bdacc41e84c3,attacker,davidcrawford@example.net,unknown,failed_login,POST,/auth/sign-in,422,True,17,222,61,False,auth,156,Medina,web,Opera/8.13.(X11; Linux x86_64; sa-IN) Presto/2.9.169 Version/11.00,playwright,1,brute_force
2026-04-04T10:57:05.338178+00:00,d0fac5eb-be95-474f-99f6-bdacc41e84c3,attacker,davidcrawford@example.net,unknown,failed_login,POST,/auth/sign-in,401,True,76,201,63,False,auth,38,Medina,web,Opera/8.13.(X11; Linux x86_64; sa-IN) Presto/2.9.169 Version/11.00,playwright,1,brute_force
2026-04-04T10:57:05.433956+00:00,b276a021-6f61-40cf-af89-2bd1bc929e25,admin,admin,admin_1,admin_transactions,GET,/admin/transactions,200,False,89,991,0,True,admin,15846,Jeddah,ios,"Mozilla/5.0 (iPod; U; CPU iPhone OS 3_0 like Mac OS X; ug-CN) AppleWebKit/535.12.1 (KHTML, like Gecko) Version/4.0.5 Mobile/8B119 Safari/6535.12.1",playwright,0,normal
2026-04-04T10:57:05.688162+00:00,d0fac5eb-be95-474f-99f6-bdacc41e84c3,attacker,davidcrawford@example.net,unknown,failed_login,POST,/auth/sign-in,401,True,173,149,63,False,auth,38,Medina,web,Opera/8.13.(X11; Linux x86_64; sa-IN) Presto/2.9.169 Version/11.00,playwright,1,brute_force
2026-04-04T10:57:06.149513+00:00,d0fac5eb-be95-474f-99f6-bdacc41e84c3,attacker,davidcrawford@example.net,unknown,failed_login,POST,/auth/sign-in,401,True,165,269,64,False,auth,38,Medina,web,Opera/8.13.(X11; Linux x86_64; sa-IN) Presto/2.9.169 Version/11.00,playwright,1,brute_force
2026-04-04T10:57:06.592817+00:00,d0fac5eb-be95-474f-99f6-bdacc41e84c3,attacker,davidcrawford@example.net,unknown,failed_login,POST,/auth/sign-in,401,True,128,310,66,False,auth,38,Medina,web,Opera/8.13.(X11; Linux x86_64; sa-IN) Presto/2.9.169 Version/11.00,playwright,1,brute_force
2026-04-04T10:57:06.681531+00:00,f5bc9690-8a17-4996-ba2c-6465b545003c,casual,krystal59@example.net,u_1088,auth_me,GET,/auth/me,200,False,70,8603,0,True,auth,216,Taif,ios,Mozilla/5.0 (compatible; MSIE 6.0; Windows NT 5.0; Trident/3.0),playwright,0,normal
2026-04-04T10:57:06.900601+00:00,d0fac5eb-be95-474f-99f6-bdacc41e84c3,attacker,davidcrawford@example.net,unknown,failed_login,POST,/auth/sign-in,401,True,121,180,62,False,auth,38,Medina,web,Opera/8.13.(X11; Linux x86_64; sa-IN) Presto/2.9.169 Version/11.00,playwright,1,brute_force
2026-04-04T10:57:07.117460+00:00,c1f4cef3-97b7-41db-aadc-4859223250b9,casual,lindsaywalker@example.com,u_1090,view_profile,GET,/users/u_1090,200,False,27,10035,0,True,account,224,Khobar,web,Mozilla/5.0 (compatible; MSIE 7.0; Windows CE; Trident/3.0),playwright,0,normal
2026-04-04T10:57:07.202443+00:00,d0fac5eb-be95-474f-99f6-bdacc41e84c3,attacker,davidcrawford@example.net,unknown,failed_login,POST,/auth/sign-in,422,True,20,277,60,False,auth,155,Medina,web,Opera/8.13.(X11; Linux x86_64; sa-IN) Presto/2.9.169 Version/11.00,playwright,1,brute_force
2026-04-04T10:57:07.306111+00:00,b276a021-6f61-40cf-af89-2bd1bc929e25,admin,admin,admin_1,admin_wallets,GET,/admin/wallets,200,False,205,1656,0,True,admin,8925,Jeddah,ios,"Mozilla/5.0 (iPod; U; CPU iPhone OS 3_0 like Mac OS X; ug-CN) AppleWebKit/535.12.1 (KHTML, like Gecko) Version/4.0.5 Mobile/8B119 Safari/6535.12.1",playwright,0,normal
2026-04-04T10:57:07.503484+00:00,d0fac5eb-be95-474f-99f6-bdacc41e84c3,attacker,davidcrawford@example.net,unknown,failed_login,POST,/auth/sign-in,401,True,168,121,64,False,auth,38,Medina,web,Opera/8.13.(X11; Linux x86_64; sa-IN) Presto/2.9.169 Version/11.00,playwright,1,brute_force
2026-04-04T10:57:07.817504+00:00,d0fac5eb-be95-474f-99f6-bdacc41e84c3,attacker,davidcrawford@example.net,unknown,failed_login,POST,/auth/sign-in,422,True,23,286,60,False,auth,155,Medina,web,Opera/8.13.(X11; Linux x86_64; sa-IN) Presto/2.9.169 Version/11.00,playwright,1,brute_force
2026-04-04T10:57:08.147766+00:00,d0fac5eb-be95-474f-99f6-bdacc41e84c3,attacker,davidcrawford@example.net,unknown,failed_login,POST,/auth/sign-in,422,True,25,299,61,False,auth,156,Medina,web,Opera/8.13.(X11; Linux x86_64; sa-IN) Presto/2.9.169 Version/11.00,playwright,1,brute_force
2026-04-04T10:57:08.414045+00:00,d0fac5eb-be95-474f-99f6-bdacc41e84c3,attacker,davidcrawford@example.net,unknown,failed_login,POST,/auth/sign-in,422,True,18,244,60,False,auth,155,Medina,web,Opera/8.13.(X11; Linux x86_64; sa-IN) Presto/2.9.169 Version/11.00,playwright,1,brute_force
2026-04-04T10:57:08.618484+00:00,bfadcad3-ad8a-474b-8b13-fe58d1d9dcbe,transactor,vrosario@example.net,u_1091,transfer,POST,/users/u_1091/wallet/transfer/u_1090,200,False,207,3882,17,True,wallet,72,Dammam,ios,"Mozilla/5.0 (iPad; CPU iPad OS 12_5_7 like Mac OS X) AppleWebKit/536.1 (KHTML, like Gecko) FxiOS/13.4d9476.0 Mobile/12M425 Safari/536.1",playwright,0,normal
2026-04-04T10:57:08.775266+00:00,d0fac5eb-be95-474f-99f6-bdacc41e84c3,attacker,davidcrawford@example.net,unknown,failed_login,POST,/auth/sign-in,401,True,85,271,64,False,auth,38,Medina,web,Opera/8.13.(X11; Linux x86_64; sa-IN) Presto/2.9.169 Version/11.00,playwright,1,brute_force
2026-04-04T10:57:08.857993+00:00,d0fac5eb-be95-474f-99f6-bdacc41e84c3,attacker,davidcrawford@example.net,unknown,failed_login,POST,/auth/sign-in,422,True,17,60,60,False,auth,155,Medina,web,Opera/8.13.(X11; Linux x86_64; sa-IN) Presto/2.9.169 Version/11.00,playwright,1,brute_force
2026-04-04T10:57:09.452689+00:00,b276a021-6f61-40cf-af89-2bd1bc929e25,admin,admin,admin_1,admin_wallets,GET,/admin/wallets,200,False,205,1936,0,True,admin,8925,Jeddah,ios,"Mozilla/5.0 (iPod; U; CPU iPhone OS 3_0 like Mac OS X; ug-CN) AppleWebKit/535.12.1 (KHTML, like Gecko) Version/4.0.5 Mobile/8B119 Safari/6535.12.1",playwright,0,normal
2026-04-04T10:57:09.594028+00:00,62707b69-d832-40d4-b93a-14a1a66e2f12,casual,darius93@example.net,u_1083,auth_me,GET,/auth/me,200,False,43,10718,0,True,auth,218,Dammam,ios,"Mozilla/5.0 (iPad; CPU iPad OS 6_1_6 like Mac OS X) AppleWebKit/535.2 (KHTML, like Gecko) FxiOS/12.3t4156.0 Mobile/03I510 Safari/535.2",playwright,0,normal
2026-04-04T10:57:10.630983+00:00,b276a021-6f61-40cf-af89-2bd1bc929e25,admin,admin,admin_1,admin_financial,GET,/admin/overview/financial,200,False,36,1139,0,True,admin,300,Jeddah,ios,"Mozilla/5.0 (iPod; U; CPU iPhone OS 3_0 like Mac OS X; ug-CN) AppleWebKit/535.12.1 (KHTML, like Gecko) Version/4.0.5 Mobile/8B119 Safari/6535.12.1",playwright,0,normal
2026-04-04T10:57:10.864975+00:00,7e1c866b-9334-4006-815b-21866955ffc4,casual,davidcrawford@example.net,u_1089,update_profile,PUT,/users/u_1089,200,False,54,7963,17,True,account,223,Medina,web,"Mozilla/5.0 (Linux; Android 12.1) AppleWebKit/532.2 (KHTML, like Gecko) Chrome/52.0.814.0 Safari/532.2",playwright,0,normal
2026-04-04T10:57:11.946668+00:00,b276a021-6f61-40cf-af89-2bd1bc929e25,admin,admin,admin_1,admin_users,GET,/admin/users,200,False,94,1217,0,True,admin,11019,Jeddah,ios,"Mozilla/5.0 (iPod; U; CPU iPhone OS 3_0 like Mac OS X; ug-CN) AppleWebKit/535.12.1 (KHTML, like Gecko) Version/4.0.5 Mobile/8B119 Safari/6535.12.1",playwright,0,normal
2026-04-04T10:57:13.263312+00:00,bfadcad3-ad8a-474b-8b13-fe58d1d9dcbe,transactor,vrosario@example.net,u_1091,view_profile,GET,/users/u_1091,200,False,38,4592,0,True,account,217,Dammam,ios,"Mozilla/5.0 (iPad; CPU iPad OS 12_5_7 like Mac OS X) AppleWebKit/536.1 (KHTML, like Gecko) FxiOS/13.4d9476.0 Mobile/12M425 Safari/536.1",playwright,0,normal
2026-04-04T10:57:13.844393+00:00,b276a021-6f61-40cf-af89-2bd1bc929e25,admin,admin,admin_1,admin_financial,GET,/admin/overview/financial,200,False,53,1841,0,True,admin,300,Jeddah,ios,"Mozilla/5.0 (iPod; U; CPU iPhone OS 3_0 like Mac OS X; ug-CN) AppleWebKit/535.12.1 (KHTML, like Gecko) Version/4.0.5 Mobile/8B119 Safari/6535.12.1",playwright,0,normal
2026-04-04T10:57:14.087245+00:00,7e1c866b-9334-4006-815b-21866955ffc4,casual,davidcrawford@example.net,u_1089,wallet_view,GET,/users/u_1089/wallet,200,False,15,3203,0,True,wallet,57,Medina,web,"Mozilla/5.0 (Linux; Android 12.1) AppleWebKit/532.2 (KHTML, like Gecko) Chrome/52.0.814.0 Safari/532.2",playwright,0,normal
2026-04-04T10:57:16.108138+00:00,b276a021-6f61-40cf-af89-2bd1bc929e25,admin,admin,admin_1,admin_wallets,GET,/admin/wallets,200,False,80,2178,0,True,admin,8925,Jeddah,ios,"Mozilla/5.0 (iPod; U; CPU iPhone OS 3_0 like Mac OS X; ug-CN) AppleWebKit/535.12.1 (KHTML, like Gecko) Version/4.0.5 Mobile/8B119 Safari/6535.12.1",playwright,0,normal
2026-04-04T10:57:16.419953+00:00,bfadcad3-ad8a-474b-8b13-fe58d1d9dcbe,transactor,vrosario@example.net,u_1091,auth_me,GET,/auth/me,200,False,18,3119,0,True,auth,217,Dammam,ios,"Mozilla/5.0 (iPad; CPU iPad OS 12_5_7 like Mac OS X) AppleWebKit/536.1 (KHTML, like Gecko) FxiOS/13.4d9476.0 Mobile/12M425 Safari/536.1",playwright,0,normal
2026-04-04T10:57:17.145228+00:00,f5bc9690-8a17-4996-ba2c-6465b545003c,casual,krystal59@example.net,u_1088,wallet_view,GET,/users/u_1088/wallet,200,False,43,10414,0,True,wallet,57,Taif,ios,Mozilla/5.0 (compatible; MSIE 6.0; Windows NT 5.0; Trident/3.0),playwright,0,normal
2026-04-04T10:57:17.213098+00:00,c1f4cef3-97b7-41db-aadc-4859223250b9,casual,lindsaywalker@example.com,u_1090,auth_me,GET,/auth/me,200,False,21,10070,0,True,auth,224,Khobar,web,Mozilla/5.0 (compatible; MSIE 7.0; Windows CE; Trident/3.0),playwright,0,normal
2026-04-04T10:57:17.709864+00:00,b276a021-6f61-40cf-af89-2bd1bc929e25,admin,admin,admin_1,admin_financial,GET,/admin/overview/financial,200,False,105,1492,0,True,admin,300,Jeddah,ios,"Mozilla/5.0 (iPod; U; CPU iPhone OS 3_0 like Mac OS X; ug-CN) AppleWebKit/535.12.1 (KHTML, like Gecko) Version/4.0.5 Mobile/8B119 Safari/6535.12.1",playwright,0,normal
2026-04-04T10:57:18.515731+00:00,7e1c866b-9334-4006-815b-21866955ffc4,casual,davidcrawford@example.net,u_1089,auth_me,GET,/auth/me,200,False,19,4404,0,True,auth,223,Medina,web,"Mozilla/5.0 (Linux; Android 12.1) AppleWebKit/532.2 (KHTML, like Gecko) Chrome/52.0.814.0 Safari/532.2",playwright,0,normal
2026-04-04T10:57:18.624748+00:00,7e1c866b-9334-4006-815b-21866955ffc4,casual,davidcrawford@example.net,u_1089,sign_out,POST,/auth/sign-out,200,False,102,0,0,True,auth,37,Medina,web,"Mozilla/5.0 (Linux; Android 12.1) AppleWebKit/532.2 (KHTML, like Gecko) Chrome/52.0.814.0 Safari/532.2",playwright,0,normal
2026-04-04T10:57:18.709880+00:00,bfadcad3-ad8a-474b-8b13-fe58d1d9dcbe,transactor,vrosario@example.net,u_1091,transfer,POST,/users/u_1091/wallet/transfer/u_1092,400,False,437,1840,17,True,wallet,33,Dammam,ios,"Mozilla/5.0 (iPad; CPU iPad OS 12_5_7 like Mac OS X) AppleWebKit/536.1 (KHTML, like Gecko) FxiOS/13.4d9476.0 Mobile/12M425 Safari/536.1",playwright,0,normal
2026-04-04T10:57:18.969864+00:00,b276a021-6f61-40cf-af89-2bd1bc929e25,admin,admin,admin_1,admin_wallets,GET,/admin/wallets,200,False,76,1181,0,True,admin,8925,Jeddah,ios,"Mozilla/5.0 (iPod; U; CPU iPhone OS 3_0 like Mac OS X; ug-CN) AppleWebKit/535.12.1 (KHTML, like Gecko) Version/4.0.5 Mobile/8B119 Safari/6535.12.1",playwright,0,normal
2026-04-04T10:57:20.119679+00:00,bfadcad3-ad8a-474b-8b13-fe58d1d9dcbe,transactor,vrosario@example.net,u_1091,pay_bill,POST,/users/u_1091/wallet/pay-bill,400,False,250,1153,18,True,wallet,33,Dammam,ios,"Mozilla/5.0 (iPad; CPU iPad OS 12_5_7 like Mac OS X) AppleWebKit/536.1 (KHTML, like Gecko) FxiOS/13.4d9476.0 Mobile/12M425 Safari/536.1",playwright,0,normal
2026-04-04T10:57:20.191686+00:00,bfadcad3-ad8a-474b-8b13-fe58d1d9dcbe,transactor,vrosario@example.net,u_1091,sign_out,POST,/auth/sign-out,200,False,70,0,0,True,auth,37,Dammam,ios,"Mozilla/5.0 (iPad; CPU iPad OS 12_5_7 like Mac OS X) AppleWebKit/536.1 (KHTML, like Gecko) FxiOS/13.4d9476.0 Mobile/12M425 Safari/536.1",playwright,0,normal
2026-04-04T10:57:20.357271+00:00,b276a021-6f61-40cf-af89-2bd1bc929e25,admin,admin,admin_1,admin_wallets,GET,/admin/wallets,200,False,208,1172,0,True,admin,8925,Jeddah,ios,"Mozilla/5.0 (iPod; U; CPU iPhone OS 3_0 like Mac OS X; ug-CN) AppleWebKit/535.12.1 (KHTML, like Gecko) Version/4.0.5 Mobile/8B119 Safari/6535.12.1",playwright,0,normal
2026-04-04T10:57:20.434159+00:00,b276a021-6f61-40cf-af89-2bd1bc929e25,admin,admin,admin_1,admin_sign_out,POST,/admin/auth/sign-out,200,False,74,0,0,True,admin,24,Jeddah,ios,"Mozilla/5.0 (iPod; U; CPU iPhone OS 3_0 like Mac OS X; ug-CN) AppleWebKit/535.12.1 (KHTML, like Gecko) Version/4.0.5 Mobile/8B119 Safari/6535.12.1",playwright,0,normal
2026-04-04T10:57:21.558267+00:00,62707b69-d832-40d4-b93a-14a1a66e2f12,casual,darius93@example.net,u_1083,view_profile,GET,/users/u_1083,200,False,14,11946,0,True,account,218,Dammam,ios,"Mozilla/5.0 (iPad; CPU iPad OS 6_1_6 like Mac OS X) AppleWebKit/535.2 (KHTML, like Gecko) FxiOS/12.3t4156.0 Mobile/03I510 Safari/535.2",playwright,0,normal
2026-04-04T10:57:22.267379+00:00,f5bc9690-8a17-4996-ba2c-6465b545003c,casual,krystal59@example.net,u_1088,view_profile,GET,/users/u_1088,200,False,35,5083,0,True,account,216,Taif,ios,Mozilla/5.0 (compatible; MSIE 6.0; Windows NT 5.0; Trident/3.0),playwright,0,normal
2026-04-04T10:57:22.353141+00:00,f5bc9690-8a17-4996-ba2c-6465b545003c,casual,krystal59@example.net,u_1088,sign_out,POST,/auth/sign-out,200,False,83,0,0,True,auth,37,Taif,ios,Mozilla/5.0 (compatible; MSIE 6.0; Windows NT 5.0; Trident/3.0),playwright,0,normal
2026-04-04T10:57:25.316596+00:00,c1f4cef3-97b7-41db-aadc-4859223250b9,casual,lindsaywalker@example.com,u_1090,auth_me,GET,/auth/me,200,False,19,8077,0,True,auth,224,Khobar,web,Mozilla/5.0 (compatible; MSIE 7.0; Windows CE; Trident/3.0),playwright,0,normal
2026-04-04T10:57:27.742855+00:00,62707b69-d832-40d4-b93a-14a1a66e2f12,casual,darius93@example.net,u_1083,pay_bill,POST,/users/u_1083/wallet/pay-bill,200,False,92,6087,17,True,wallet,77,Dammam,ios,"Mozilla/5.0 (iPad; CPU iPad OS 6_1_6 like Mac OS X) AppleWebKit/535.2 (KHTML, like Gecko) FxiOS/12.3t4156.0 Mobile/03I510 Safari/535.2",playwright,0,normal
2026-04-04T10:57:29.060096+00:00,c1f4cef3-97b7-41db-aadc-4859223250b9,casual,lindsaywalker@example.com,u_1090,pay_bill,POST,/users/u_1090/wallet/pay-bill,200,False,101,3638,18,True,wallet,77,Khobar,web,Mozilla/5.0 (compatible; MSIE 7.0; Windows CE; Trident/3.0),playwright,0,normal
2026-04-04T10:57:32.074371+00:00,62707b69-d832-40d4-b93a-14a1a66e2f12,casual,darius93@example.net,u_1083,wallet_view,GET,/users/u_1083/wallet,200,False,19,4309,0,True,wallet,57,Dammam,ios,"Mozilla/5.0 (iPad; CPU iPad OS 6_1_6 like Mac OS X) AppleWebKit/535.2 (KHTML, like Gecko) FxiOS/12.3t4156.0 Mobile/03I510 Safari/535.2",playwright,0,normal
2026-04-04T10:57:37.239760+00:00,c1f4cef3-97b7-41db-aadc-4859223250b9,casual,lindsaywalker@example.com,u_1090,hello,GET,/hello,200,False,15,8161,0,False,system,48,Khobar,web,Mozilla/5.0 (compatible; MSIE 7.0; Windows CE; Trident/3.0),playwright,0,normal
2026-04-04T10:57:38.597791+00:00,62707b69-d832-40d4-b93a-14a1a66e2f12,casual,darius93@example.net,u_1083,payments,GET,/users/u_1083/payments,200,False,14,6505,0,True,account,2,Dammam,ios,"Mozilla/5.0 (iPad; CPU iPad OS 6_1_6 like Mac OS X) AppleWebKit/535.2 (KHTML, like Gecko) FxiOS/12.3t4156.0 Mobile/03I510 Safari/535.2",playwright,0,normal
2026-04-04T10:57:38.686324+00:00,62707b69-d832-40d4-b93a-14a1a66e2f12,casual,darius93@example.net,u_1083,sign_out,POST,/auth/sign-out,200,False,84,0,0,True,auth,37,Dammam,ios,"Mozilla/5.0 (iPad; CPU iPad OS 6_1_6 like Mac OS X) AppleWebKit/535.2 (KHTML, like Gecko) FxiOS/12.3t4156.0 Mobile/03I510 Safari/535.2",playwright,0,normal
2026-04-04T10:57:42.796940+00:00,c1f4cef3-97b7-41db-aadc-4859223250b9,casual,lindsaywalker@example.com,u_1090,wallet_view,GET,/users/u_1090/wallet,200,False,15,5539,0,True,wallet,57,Khobar,web,Mozilla/5.0 (compatible; MSIE 7.0; Windows CE; Trident/3.0),playwright,0,normal
2026-04-04T10:57:42.877635+00:00,c1f4cef3-97b7-41db-aadc-4859223250b9,casual,lindsaywalker@example.com,u_1090,sign_out,POST,/auth/sign-out,200,False,78,0,0,True,auth,37,Khobar,web,Mozilla/5.0 (compatible; MSIE 7.0; Windows CE; Trident/3.0),playwright,0,normal
