session_id,user_id,email,persona,geo_location,client_type,total_requests,session_duration_sec,requests_per_minute,failed_login_count,error_ratio,error_4xx_count,error_5xx_count,unique_endpoints,endpoint_entropy,has_admin_access,admin_action_count,wallet_action_count,wallet_action_ratio,transfer_count,topup_count,withdraw_count,pay_bill_count,financial_error_count,avg_think_time_ms,std_think_time_ms,avg_response_time_ms,min_think_time_ms
df145d3c-d5d2-4371-a1da-295955230536,u_1025,brucefreeman@example.org,casual,Medina,web,6,27.09,13.29,0,0.1667,1,0,6,2.585,0,0,1,0.1667,0,0,1,0,1,6243.4,2370.97,6.33,3334
9fcfc888-0687-45eb-9fc6-0e5e4877ef27,u_1002,hanan.alharbi@gmail.com,transactor,Riyadh,android,8,18.78,25.57,0,0.125,1,0,6,2.4056,0,0,4,0.5,0,0,0,3,0,3068.71,1038.6,11.62,1635
c844cd6e-cf67-492e-b022-8886ae7ba85b,u_1073,qanthony@example.com,transactor,Taif,android,6,13.08,27.53,0,0.0,0,0,4,1.7925,0,0,1,0.1667,0,0,1,0,0,3516.4,1065.28,9.5,1624
eb6f36df-8788-4972-acfc-5f36497dbd69,u_1042,brian14@example.net,power_user,Buraidah,ios,15,20.62,43.65,0,0.0,0,0,10,3.1899,0,0,10,0.6667,2,2,1,2,0,1589.43,499.68,9.13,870
bf084e8e-0bef-4be5-a1e6-990d1b9c558f,admin_1,admin@rasd.local,admin,Buraidah,android,7,5.27,79.73,0,0.0,0,0,5,2.2359,1,7,0,0.0,0,0,0,0,0,1185.5,434.56,16.43,657
7d3ee1c1-0c6f-4cde-ab44-cb00b86cf6df,admin_1,admin@rasd.local,admin,Mecca,ios,37,46.52,47.72,0,0.0,0,0,6,2.132,1,37,0,0.0,0,0,0,0,0,1316.03,379.66,14.62,648
96d9f0b2-c53a-455d-a59a-99ae0e8b7a44,u_1004,user@example.com,transactor,Jeddah,android,11,30.07,21.95,0,0.0909,1,0,7,2.5503,0,0,9,0.8182,1,1,4,2,0,3278.7,1202.04,11.82,1164
4d6359ef-f8bc-4f37-9302-4fafe9218fc8,u_1043,amy95@example.com,transactor,Dammam,android,6,12.97,27.75,0,0.0,0,0,5,2.2516,0,0,3,0.5,0,0,0,2,0,3430.6,563.4,9.17,2630
8866080e-6bad-4797-87ec-0d500960b8d9,u_1019,morganserrano@example.net,casual,Jeddah,web,8,57.65,8.33,0,0.0,0,0,7,2.75,0,0,4,0.5,1,0,0,2,0,9125.57,1978.45,8.5,6329
57ed62d1-b8ba-451b-8a76-51b870e45035,u_1056,reginaburnett@example.org,transactor,Tabuk,ios,7,17.64,23.81,0,0.2857,2,0,5,2.1281,0,0,4,0.5714,0,0,3,1,0,3366.67,1318.45,10.86,1231
2507c794-3c8f-4c53-91b0-fd4144211237,u_1031,toddmegan@example.org,casual,Khobar,android,5,19.65,15.27,0,0.0,0,0,5,2.3219,0,0,1,0.2,0,0,0,0,0,5769.0,1856.85,6.8,3475
6262499e-4fad-49e4-80ce-b8a0530dd2ba,u_1022,amandapayne@example.net,power_user,Taif,web,11,13.51,48.87,0,0.0,0,0,8,2.8454,0,0,6,0.5455,0,2,0,1,0,1443.1,627.98,9.27,644
76ca7f92-67da-4910-b39a-9f9aeba16e8e,u_1016,fowlerkelly@example.net,transactor,Tabuk,ios,7,17.67,23.77,0,0.0,0,0,7,2.8074,0,0,3,0.4286,0,1,1,1,0,3451.33,661.83,8.14,2695
8ef8fc84-61b6-4463-80a3-bfade89d26f1,u_1071,zsmith@example.org,casual,Khobar,android,6,26.19,13.74,0,0.1667,1,0,6,2.585,0,0,3,0.5,0,0,1,1,0,7138.0,2796.91,10.67,3361
a4457486-d3be-4620-ac51-055b1690856e,u_1052,julie73@example.org,power_user,Khobar,web,17,22.63,45.07,0,0.0,0,0,12,3.4548,0,0,10,0.5882,4,2,1,0,0,1434.0,694.29,10.47,534
6c96475f-03f0-4773-9804-242f284b721b,u_1029,nataliefrazier@example.com,confused,Taif,web,4,35.87,6.69,0,0.0,0,0,4,2.0,0,0,1,0.25,0,0,0,0,0,19172.33,4135.16,7.5,13341
67dd50a5-bf81-4b32-a36e-c50a0438b7f8,u_1012,jsanchez@example.org,casual,Riyadh,web,6,27.58,13.05,0,0.0,0,0,5,2.2516,0,0,3,0.5,0,2,0,1,0,7802.8,2637.79,10.0,4727
d8b42044-ecad-488a-943e-2c6a430876e9,u_1044,upearson@example.org,casual,Mecca,web,6,20.13,17.88,0,0.0,0,0,5,2.2516,0,0,1,0.1667,0,0,0,0,0,6190.4,2816.46,8.83,3844
b4c496bc-0913-426c-b0a7-12fd0a2202de,u_1077,cameron96@example.org,casual,Mecca,web,4,11.83,20.29,0,0.0,0,0,4,2.0,0,0,1,0.25,0,0,0,0,0,7658.67,3041.43,11.25,3805
1b4decf9-8c0d-413e-9721-6d2553a02e07,u_1007,lauren10@example.net,transactor,Taif,web,6,12.94,27.82,0,0.5,3,0,5,2.2516,0,0,3,0.5,1,0,0,2,0,3563.6,1293.14,7.83,1604
6a4f8c5d-a410-4d36-9498-0bd8a69399b4,u_1026,jesus90@example.org,transactor,Taif,ios,10,17.81,33.69,0,0.2,1,1,7,2.7219,0,0,6,0.6,1,2,0,2,0,2471.11,918.01,9.2,1538
6123c34f-40a7-46bd-b0d5-afa2804c7731,u_1054,browningmichael@example.com,transactor,Mecca,ios,7,16.18,25.96,0,0.0,0,0,6,2.5216,0,0,4,0.5714,1,2,1,0,0,2887.33,1078.64,8.29,1219
612c0dca-ddd7-462d-b56f-90ff026912d7,u_1037,rtaylor@example.com,confused,Mecca,android,4,44.84,5.35,0,0.0,0,0,3,1.5,0,0,0,0.0,0,0,0,0,0,20132.0,3754.85,8.75,15608
ecdc9110-0c0f-445e-869a-71a26005abbf,u_1056,reginaburnett@example.org,transactor,Tabuk,ios,6,10.96,32.83,0,0.0,0,0,5,2.2516,0,0,3,0.5,1,0,2,0,0,2632.4,1101.45,12.83,1059
94270e61-d2a6-4da2-880c-0955e87c86eb,u_1047,parkerandrea@example.org,power_user,Mecca,android,14,18.83,44.61,0,0.0,0,0,10,3.182,0,0,7,0.5,1,3,0,1,0,1619.77,578.59,10.79,547
b9ac2a06-edc9-454a-a9d4-7e3a58db7940,u_1011,ashleyparks@example.org,transactor,Riyadh,android,11,27.85,23.7,0,0.0909,1,0,8,2.914,0,0,7,0.6364,4,2,0,1,0,3087.9,849.0,12.55,1255
cb35b8b0-b8e8-48ba-b1fc-fb76da20296a,u_1012,jsanchez@example.org,power_user,Riyadh,web,13,19.28,40.45,0,0.2308,3,0,7,2.4997,0,0,10,0.7692,1,2,2,5,0,1765.08,364.55,11.08,843
6356b112-de97-4010-9b8c-975661e14310,u_1043,amy95@example.com,casual,Dammam,android,6,35.7,10.08,0,0.0,0,0,5,2.2516,0,0,1,0.1667,0,0,0,0,0,8742.0,2279.9,6.17,4808
00d6b2c9-82c2-4e03-83c6-2bd3c09b2c60,admin_1,admin@rasd.local,admin,Dammam,web,22,32.45,40.68,0,0.0,0,0,6,2.1358,1,22,0,0.0,0,0,0,0,0,1624.52,359.41,15.0,819
1196a41d-6412-48da-9e62-ae8e757b2769,u_1035,cindy19@example.com,casual,Medina,ios,6,22.72,15.85,0,0.0,0,0,5,2.2516,0,0,0,0.0,0,0,0,0,0,5522.0,1429.3,7.33,4038
550b3abc-e3ac-434b-a9cc-de83cdb70f83,u_1048,wolfbryan@example.com,casual,Buraidah,web,6,29.77,12.09,0,0.0,0,0,5,2.2516,0,0,2,0.3333,0,1,0,0,0,7466.0,1834.87,8.0,5195
6826b925-fcd3-4a65-b64f-e7c73814f881,u_1060,heather99@example.com,transactor,Buraidah,web,8,22.85,21.0,0,0.375,3,0,7,2.75,0,0,6,0.75,2,0,1,1,0,3848.43,677.06,9.38,2774
1fe11ce9-0b6e-4e5e-943b-203045ebc520,u_1062,jensenkelly@example.com,casual,Khobar,web,6,25.4,14.17,0,0.0,0,0,6,2.585,0,0,0,0.0,0,0,0,0,0,6118.0,1606.69,9.5,4404
2daf8b19-53d2-4995-bd03-32fda3dee52e,u_1009,amartin@example.org,transactor,Jeddah,android,10,22.92,26.18,0,0.0,0,0,7,2.7219,0,0,8,0.8,5,1,0,0,0,2781.22,1020.37,15.3,1700
4cf41105-e11b-4b33-a15a-c04e9ff16abe,u_1076,smalltimothy@example.org,casual,Tabuk,android,7,33.34,12.6,0,0.0,0,0,4,1.6645,0,0,0,0.0,0,0,0,0,0,6351.17,2150.83,17.14,4415
9fcc9f07-270d-45c8-af2d-cd1a281fcc87,u_1038,ihardy@example.org,casual,Taif,web,7,28.76,14.6,0,0.0,0,0,7,2.8074,0,0,1,0.1429,1,0,0,0,0,6555.67,2813.98,12.14,3896
552a861b-e4fc-416d-81f1-445c3c9ece6e,u_1032,amberbrown@example.org,power_user,Dammam,android,9,10.74,50.27,0,0.0,0,0,8,2.9477,0,0,5,0.5556,3,0,0,1,0,1528.62,534.11,11.22,704
e236ab1b-cb12-4810-b520-86f25115a4ba,u_1057,krista15@example.org,casual,Khobar,android,5,28.51,10.52,0,0.0,0,0,5,2.3219,0,0,1,0.2,0,0,0,0,0,8084.5,2850.65,12.4,3901
7e0b9eb7-a7d8-41d1-a14f-6dde9c59aa27,u_1079,michelle79@example.com,casual,Khobar,ios,6,23.56,15.28,0,0.0,0,0,4,1.7925,0,0,3,0.5,0,0,0,0,0,5894.0,1049.19,7.17,4792
57852527-6f66-4809-9491-1ffd23e10cfc,u_1079,michelle79@example.com,transactor,Khobar,ios,10,25.1,23.91,0,0.0,0,0,8,2.9219,0,0,6,0.6,2,2,0,2,0,3203.89,918.34,11.4,1492
fe5f4797-dc10-4606-b35f-cf52ad265cda,u_1002,hanan.alharbi@gmail.com,casual,Riyadh,web,6,22.64,15.9,0,0.0,0,0,6,2.585,0,0,3,0.5,1,1,0,1,0,6285.4,2214.31,11.17,3642
1948af60-90f9-4444-98c4-241e37511d82,u_1080,ydelgado@example.com,casual,Medina,web,7,29.81,14.09,0,0.0,0,0,7,2.8074,0,0,2,0.2857,0,1,0,1,0,5567.67,2446.45,8.14,3668
1a5f60af-8383-411e-848c-430e9f000732,u_1078,matthewmunoz@example.com,casual,Mecca,ios,7,34.77,12.08,0,0.1429,1,0,6,2.5216,0,0,2,0.2857,0,0,0,1,0,7065.17,1089.25,10.29,5026
9fa39674-fc19-4e61-8247-a3e05875d424,u_1048,wolfbryan@example.com,power_user,Buraidah,web,13,17.83,43.74,0,0.0,0,0,10,3.2389,0,0,5,0.3846,1,0,2,1,0,1555.08,457.46,10.46,832
fd4a4294-e069-472d-ab69-431b9951e47d,u_1025,brucefreeman@example.org,casual,Medina,web,5,15.14,19.81,0,0.0,0,0,4,1.9219,0,0,1,0.2,0,0,0,1,0,6220.75,2408.91,11.6,3720
82db0a1b-5224-4b6b-8aa2-ed8ca1d2ad32,u_1065,taylor44@example.com,transactor,Dammam,android,6,10.19,35.32,0,0.0,0,0,5,2.2516,0,0,3,0.5,0,2,0,1,0,2310.8,1107.64,12.5,1320
769e8f59-c3fa-4935-a740-ff59a00e5b2c,u_1069,craigthomas@example.org,casual,Riyadh,ios,6,30.33,11.87,0,0.1667,1,0,5,2.2516,0,0,3,0.5,0,0,1,0,1,8214.2,2671.08,8.5,4657
4c694c15-6950-4885-9cf0-ca65066bdd2a,u_1040,jasmine96@example.com,casual,Jeddah,web,7,37.13,11.31,0,0.0,0,0,5,2.1281,0,0,0,0.0,0,0,0,0,0,7378.0,1480.52,11.29,5531
c910caf9-b079-4742-aceb-db72828581ef,u_1053,williambishop@example.org,casual,Taif,android,8,47.2,10.17,0,0.0,0,0,5,2.1556,0,0,3,0.375,0,0,0,0,0,8066.71,3059.09,10.38,3348
dc842a0c-61cf-4de1-b61b-139679e1cb24,u_1019,morganserrano@example.net,power_user,Jeddah,web,17,21.74,46.91,0,0.0,0,0,13,3.5725,0,0,7,0.4118,2,1,1,1,0,1384.44,491.35,10.35,564
6354c6b9-b721-4d52-8f81-4769d578dd5f,u_1004,user@example.com,casual,Jeddah,ios,4,14.31,16.77,0,0.0,0,0,4,2.0,0,0,1,0.25,0,0,1,0,0,7673.33,2794.98,9.25,3835
65575b3c-fb68-48f5-ad82-201ba52dba1f,u_1037,rtaylor@example.com,power_user,Mecca,android,16,20.16,47.62,0,0.0,0,0,11,3.375,0,0,9,0.5625,2,2,2,2,0,1419.73,542.31,10.38,501
3456f9e8-0d6d-4cb4-b3dc-e2fec1c457bc,unknown,morrissharon@example.org,casual,Dammam,android,8,50.93,9.42,1,0.125,1,0,7,2.75,0,0,2,0.25,1,0,1,0,0,8485.43,2603.7,8.38,4188
d1421fbe-7c06-420c-a599-2282887d2b66,u_1030,burkejeffrey@example.com,power_user,Tabuk,android,11,13.16,50.16,0,0.5455,6,0,8,2.8454,0,0,8,0.7273,2,1,3,2,0,1401.6,469.42,15.55,855
3c9fb7b4-c17e-47e3-850c-bea135025c21,u_1005,fmoore@example.net,confused,Buraidah,web,5,45.06,6.66,0,0.0,0,0,4,1.9219,0,0,2,0.4,2,0,0,0,0,17091.0,5611.72,13.2,8697
7e547997-8c6e-48ec-aecb-78296774ce17,u_1036,jessicahoward@example.net,casual,Khobar,android,4,21.1,11.37,0,0.0,0,0,4,2.0,0,0,1,0.25,0,0,0,0,0,10774.33,1094.07,11.75,9258
05b8c160-3b0c-4717-8657-9789da75b7f1,u_1007,lauren10@example.net,power_user,Taif,web,13,16.11,48.42,0,0.0,0,0,10,3.2389,0,0,6,0.4615,1,2,1,0,0,1504.33,526.61,8.69,657
cd7b3d4c-23a2-42b5-a7f4-a67bf96de30d,u_1074,harrisdaniel@example.net,transactor,Jeddah,web,10,19.55,30.69,0,0.5,5,0,9,3.1219,0,0,6,0.6,2,0,2,1,0,2607.56,1241.99,11.5,1048
c9ff56b7-89bf-4137-ad5f-5b01ba9b8e94,u_1040,jasmine96@example.com,power_user,Jeddah,web,15,17.2,52.34,0,0.2667,4,0,8,2.8729,0,0,11,0.7333,2,2,3,3,0,1342.79,560.22,11.4,562
4e4b6287-5c99-40f4-a344-605ed6cadd34,u_1021,jeffrey60@example.net,casual,Buraidah,android,5,13.29,22.57,0,0.2,0,1,4,1.9219,0,0,3,0.6,0,0,2,0,0,4190.25,1617.65,10.6,3024
5b6f9718-580e-4a82-b48a-bd51d02615e9,u_1054,browningmichael@example.com,transactor,Mecca,ios,6,11.38,31.62,0,0.0,0,0,5,2.2516,0,0,4,0.6667,0,0,1,1,0,3107.2,955.96,13.0,2062
e6fef05a-d9ef-425e-9fe6-80e235bbf0de,u_1016,fowlerkelly@example.net,casual,Tabuk,ios,7,28.71,14.63,0,0.0,0,0,7,2.8074,0,0,2,0.2857,0,0,1,0,0,5730.83,964.18,9.57,3953
c068cbae-a25b-4758-9290-37e660e3dca1,u_1022,amandapayne@example.net,power_user,Taif,web,13,17.66,44.17,0,0.0,0,0,8,2.7774,0,0,9,0.6923,2,2,0,1,0,1622.75,552.98,12.0,829
168ac191-d47c-4ad9-bd19-0d68cbe7687d,u_1076,smalltimothy@example.org,casual,Tabuk,android,4,10.57,22.71,0,0.0,0,0,4,2.0,0,0,0,0.0,0,0,0,0,0,5196.33,367.2,7.75,4824
d278df4c-1179-4e4c-8609-1609412b9cfe,u_1010,ellen35@example.net,transactor,Medina,android,8,19.12,25.11,0,0.625,5,0,7,2.75,0,0,5,0.625,3,0,1,1,0,3060.57,1183.53,12.88,1253
fcf4612b-ae2c-4d96-8621-c8f0fc2fb3c5,u_1069,craigthomas@example.org,casual,Riyadh,ios,4,17.54,13.69,0,0.0,0,0,3,1.5,0,0,2,0.5,0,2,0,0,0,9572.67,1264.01,16.75,8212
147d76fe-728e-4dd8-bedc-e55ef1c59e9c,u_1043,amy95@example.com,casual,Dammam,android,8,40.43,11.87,0,0.0,0,0,7,2.75,0,0,5,0.625,3,0,0,0,0,6750.29,1449.62,14.0,4380
d5032cee-e86e-44b0-90f9-3ace721530ef,u_1003,queenrama@gmail.com,confused,Jeddah,android,3,9.93,18.12,0,0.0,0,0,3,1.585,0,0,0,0.0,0,0,0,0,0,11046.0,1135.0,16.0,9911
13217542-de45-4de8-9777-3c17b75c5e51,u_1002,hanan.alharbi@gmail.com,casual,Riyadh,web,8,48.46,9.91,0,0.0,0,0,7,2.75,0,0,2,0.25,1,0,0,0,0,7447.57,2660.8,8.88,3753
816dbcec-fb3e-4249-aebe-0e68946609c2,u_1004,user@example.com,casual,Jeddah,web,6,33.57,10.73,0,0.0,0,0,5,2.2516,0,0,2,0.3333,0,1,0,0,0,8803.8,1690.35,8.17,6289
7392dfa1-07cd-4cda-bead-274eabc94778,admin_1,admin@rasd.local,admin,Buraidah,ios,7,7.16,58.63,0,0.0,0,0,5,2.1281,1,7,0,0.0,0,0,0,0,0,1419.0,432.37,12.29,692
29e47fc2-3147-4f7c-9d47-ac97a1fb1c88,u_1025,brucefreeman@example.org,casual,Medina,web,5,26.08,11.5,0,0.0,0,0,5,2.3219,0,0,2,0.4,0,0,1,0,0,7463.0,3219.2,11.4,3848
f16c6c95-a526-44ce-827c-a91e7934f69a,admin_1,admin@rasd.local,admin,Buraidah,web,12,10.14,70.98,0,0.0,0,0,6,2.3962,1,12,0,0.0,0,0,0,0,0,1066.09,483.03,16.58,627
9f95e659-c194-4875-b145-3d47df1e6315,u_1026,jesus90@example.org,transactor,Taif,ios,6,9.1,39.58,0,0.0,0,0,5,2.2516,0,0,3,0.5,1,0,2,0,0,2637.6,1294.99,15.5,1304
df065cfa-bd93-4ada-a4cc-154a7d849b0a,u_1033,jefferypowell@example.com,casual,Abha,ios,8,58.54,8.2,0,0.0,0,0,8,3.0,0,0,3,0.375,0,1,1,1,0,9276.71,2433.47,9.75,4792
56c52854-656e-4daa-9c12-7c396c1ddb33,u_1027,lwilson@example.org,transactor,Mecca,ios,6,14.24,25.29,0,0.1667,1,0,6,2.585,0,0,3,0.5,0,1,0,1,0,3492.8,497.27,11.33,2741
26d0485d-e1e4-4e80-9ddb-b0688dd8d903,u_1020,denisemiller@example.com,casual,Buraidah,android,8,45.34,10.59,0,0.125,1,0,7,2.75,0,0,3,0.375,1,1,0,0,0,7947.0,2804.48,8.75,3565
c3f51a1b-d4e4-4300-9c58-a380d3f57505,u_1061,cramsey@example.com,confused,Dammam,android,4,20.5,11.7,0,0.0,0,0,4,2.0,0,0,0,0.0,0,0,0,0,0,12066.67,2672.44,8.75,9433
072f1ded-209c-4217-8236-8ed9f91c2b36,u_1016,fowlerkelly@example.net,casual,Tabuk,ios,5,21.21,14.15,0,0.0,0,0,5,2.3219,0,0,3,0.6,1,0,1,0,0,6480.5,2735.02,13.6,3238
8b351118-e5bd-4291-afad-d96c2456547b,u_1062,jensenkelly@example.com,casual,Khobar,web,7,25.78,16.29,0,0.0,0,0,4,1.8424,0,0,2,0.2857,0,0,0,0,0,5110.5,2229.19,14.57,3210
c22e5f10-b691-426c-aeb6-d2edb90bcc59,admin_1,admin@rasd.local,admin,Khobar,web,37,50.54,43.93,0,0.0,0,0,6,2.1335,1,37,0,0.0,0,0,0,0,0,1409.5,454.7,17.24,721
a88c1c1a-2896-4372-8298-6c750cc7bffe,u_1064,jessica49@example.com,transactor,Medina,web,11,25.98,25.4,0,0.4545,5,0,7,2.6635,0,0,5,0.4545,2,0,0,3,0,2712.0,977.71,8.18,1245
a329d7ff-b5ee-4c44-93f7-34544d7c6b13,unknown,cabreraashley@example.org,transactor,Mecca,ios,8,18.44,26.03,1,0.125,1,0,7,2.75,0,0,5,0.625,3,1,1,0,0,3121.43,1057.75,15.12,1353
90405e58-ba25-42b1-8516-6e49fe0c97de,u_1035,cindy19@example.com,transactor,Medina,ios,9,20.11,26.86,0,0.0,0,0,9,3.1699,0,0,6,0.6667,3,1,0,1,0,2983.62,673.43,15.0,1792
535e4814-d532-4a31-9ed0-c5bec1f34dfa,u_1005,fmoore@example.net,transactor,Buraidah,web,11,35.72,18.48,0,0.0,0,0,9,3.0958,0,0,6,0.5455,2,1,2,0,0,3714.0,1074.64,14.73,1602
08100848-1b53-4639-bdad-e4e37cc41147,u_1048,wolfbryan@example.com,transactor,Buraidah,web,11,26.09,25.3,0,0.0,0,0,9,3.0958,0,0,8,0.7273,4,2,0,1,0,2890.5,1133.77,12.55,1087
ac841236-50a9-4db6-bb97-cbbe55641877,u_1047,parkerandrea@example.org,casual,Mecca,android,4,17.66,13.59,0,0.0,0,0,4,2.0,0,0,1,0.25,0,0,0,0,0,9829.67,1471.38,13.0,8591
7ba5442c-2586-45e4-9b13-356cf07e5ccb,u_1070,jasondean@example.net,transactor,Mecca,ios,8,18.68,25.69,0,0.0,0,0,8,3.0,0,0,3,0.375,1,1,0,0,0,3361.0,1323.72,8.38,1018
a779b405-5ed2-45c0-84cf-e425072d16a8,u_1014,morrissharon@example.org,casual,Dammam,android,4,12.99,18.48,0,0.0,0,0,3,1.5,0,0,0,0.0,0,0,0,0,0,8223.67,3717.79,9.25,3077
ddd7ca80-2a3c-4ec4-b62c-26b1bb325956,u_1055,brentswanson@example.org,casual,Dammam,web,7,37.72,11.13,0,0.0,0,0,5,2.1281,0,0,1,0.1429,0,0,0,0,0,7706.67,1862.44,9.14,3911
e468a561-85fa-4908-8157-2a261e80533c,u_1029,nataliefrazier@example.com,confused,Taif,web,3,22.48,8.01,0,0.0,0,0,3,1.585,0,0,1,0.3333,0,0,1,0,0,18684.0,3737.0,17.0,14947
82fc8871-55df-41e2-afa8-50269f1ab55b,u_1044,upearson@example.org,transactor,Mecca,web,10,21.12,28.42,0,0.0,0,0,8,2.9219,0,0,6,0.6,2,2,0,2,0,2807.67,1153.09,14.7,1285
5f411e4a-5d52-46dd-8cb3-7d0f2e8f6134,u_1005,fmoore@example.net,transactor,Buraidah,web,8,18.1,26.53,0,0.125,0,1,6,2.5,0,0,4,0.5,2,2,0,0,0,3446.4,864.96,18.62,2085
c5ce524c-343b-4d72-96d4-5e83b2edc696,u_1045,meyerrobin@example.com,transactor,Medina,android,7,18.66,22.51,0,0.0,0,0,6,2.5216,0,0,5,0.7143,3,0,1,0,0,3384.5,1176.53,14.14,1768
d4bb0f1a-1101-4e35-b125-ffba2ae1a586,u_1012,jsanchez@example.org,power_user,Riyadh,web,9,10.02,53.91,0,0.1111,1,0,7,2.7255,0,0,4,0.4444,0,0,2,2,0,1333.88,541.73,18.33,536
db1df2c5-357d-4f71-8680-82c3427ec276,u_1062,jensenkelly@example.com,transactor,Khobar,web,11,24.57,26.87,0,0.0,0,0,11,3.4594,0,0,6,0.5455,3,0,1,1,0,2715.3,929.98,14.09,1239
7f368ff4-6f80-4bd5-835c-fcc084c2785c,u_1024,wilsonjody@example.com,casual,Jeddah,ios,7,42.07,9.98,0,0.0,0,0,6,2.5216,0,0,1,0.1429,0,0,1,0,0,8082.17,2361.69,10.86,5125
8e527a4e-4040-4db1-b854-49205795c692,u_1066,darryl90@example.net,transactor,Taif,android,6,12.09,29.77,0,0.0,0,0,5,2.2516,0,0,3,0.5,1,2,0,0,0,2884.4,826.51,12.0,2238
68776f38-f74c-4bfd-9f5c-f788763fd318,admin_1,admin@rasd.local,admin,Buraidah,web,12,11.56,62.26,0,0.0833,0,1,6,2.4591,1,12,0,0.0,0,0,0,0,0,1117.82,397.32,16.83,692
9cc97b3b-950c-465e-bc3b-1ff3c9adeb1a,u_1029,nataliefrazier@example.com,power_user,Taif,web,12,14.87,48.42,0,0.0,0,0,10,3.2516,0,0,8,0.6667,3,1,2,1,0,1469.27,520.74,16.0,809
53d4839f-220a-4bed-8ea0-517d567f3c09,u_1078,matthewmunoz@example.com,confused,Mecca,ios,5,61.6,4.87,0,0.2,1,0,5,2.3219,0,0,1,0.2,1,0,0,0,0,19216.0,3358.11,11.4,15321
8473877b-167e-4191-8dc1-04b87e8c3828,u_1055,brentswanson@example.org,transactor,Dammam,web,11,25.93,25.46,0,0.1818,2,0,8,2.8454,0,0,7,0.6364,2,2,0,3,0,2955.3,962.52,15.91,1695
ae6aee90-fcb7-4ad7-adb2-60fc7007114a,u_1002,hanan.alharbi@gmail.com,casual,Riyadh,web,7,35.56,11.81,0,0.0,0,0,6,2.5216,0,0,2,0.2857,0,0,0,0,0,7237.17,2586.34,11.57,3402
bb05d6ff-19c6-4cca-9e8b-725630390151,u_1062,jensenkelly@example.com,power_user,Khobar,web,16,21.74,44.15,0,0.0,0,0,11,3.2028,0,0,10,0.625,1,4,3,1,0,1565.33,546.63,12.69,528
1d72339e-c9c7-432f-96ca-dda38d511721,u_1025,brucefreeman@example.org,casual,Medina,web,5,33.12,9.06,0,0.0,0,0,4,1.9219,0,0,1,0.2,0,0,0,0,0,9992.0,2087.13,7.8,6903
094e1871-e06a-451b-8ccd-6db193c8dd8f,u_1049,james84@example.org,confused,Dammam,android,4,43.84,5.47,0,0.25,1,0,4,2.0,0,0,2,0.5,1,1,0,0,0,18907.67,4226.23,13.0,12934
90735d47-d32f-488b-a624-e3e4d0e19fe4,u_1063,bookeranna@example.org,transactor,Dammam,android,8,22.0,21.82,0,0.0,0,0,6,2.5,0,0,4,0.5,0,0,2,2,0,3768.14,753.15,17.38,2591
8b84c166-906b-41f7-87bd-3cd67412f70c,u_1016,fowlerkelly@example.net,casual,Tabuk,ios,6,37.43,9.62,0,0.0,0,0,5,2.2516,0,0,1,0.1667,1,0,0,0,0,9806.8,1759.79,10.17,7434
487018de-1f07-4000-9432-8f7d02e3c62e,u_1028,anthonylindsay@example.com,confused,Tabuk,ios,3,10.91,16.49,0,0.0,0,0,3,1.585,0,0,1,0.3333,0,0,0,0,0,9923.5,969.5,9.0,8954
c4a3e8c5-0b25-43b6-a11f-1d803809af4f,unknown,amartin@example.org,transactor,Jeddah,android,10,19.59,30.63,1,0.1,1,0,7,2.7219,0,0,6,0.6,4,1,0,0,0,2675.0,1065.65,15.4,1025
dd59d649-1879-4038-ac86-1073f4fc2bdc,admin_1,admin@rasd.local,admin,Medina,ios,7,5.79,72.5,0,0.0,0,0,5,2.2359,1,7,0,0.0,0,0,0,0,0,1183.5,342.73,16.86,613
a2c93d7e-be70-4b81-b166-becc18cfdab2,u_1077,cameron96@example.org,casual,Mecca,web,7,35.42,11.86,0,0.0,0,0,5,2.1281,0,0,4,0.5714,0,1,0,0,0,7370.5,2893.37,11.43,4040
c948fe5f-cc82-41e6-a472-e331b37ad05d,u_1036,jessicahoward@example.net,casual,Khobar,android,8,46.1,10.41,0,0.125,1,0,7,2.75,0,0,4,0.5,0,1,0,1,0,8119.0,2854.66,10.38,3973
02eb711d-9465-4c85-a2b5-2a2ad25f2c22,u_1046,kbutler@example.net,power_user,Mecca,web,17,26.23,38.89,0,0.1176,2,0,13,3.6169,0,0,9,0.5294,5,1,2,0,0,1701.44,562.71,13.94,826
90b9936a-55eb-4123-aec7-32ae24649370,u_1077,cameron96@example.org,transactor,Mecca,web,9,17.9,30.17,0,0.0,0,0,7,2.7255,0,0,7,0.7778,3,0,2,1,0,2347.75,1126.0,15.11,1051
1e50be18-55bb-459d-b852-23eaf3fee3f3,u_1064,jessica49@example.com,casual,Medina,web,8,55.04,8.72,0,0.0,0,0,7,2.75,0,0,1,0.125,0,0,0,0,0,8798.0,1682.67,9.0,6146
5a57b67e-970a-410a-be9c-dba1309a21e3,admin_1,admin@rasd.local,admin,Khobar,android,12,13.11,54.91,0,0.0,0,0,6,2.3554,1,12,0,0.0,0,0,0,0,0,1309.64,493.94,17.08,673
f6ac8e1d-fd40-4a6e-990f-4b69550d45b8,u_1033,jefferypowell@example.com,transactor,Abha,ios,6,16.02,22.47,0,0.0,0,0,5,2.2516,0,0,4,0.6667,0,2,1,0,0,3865.0,808.81,12.67,2537
e1f5af21-90d9-4284-a99e-f7fa6ac6acc3,u_1059,charles71@example.com,transactor,Tabuk,ios,6,9.5,37.88,0,0.0,0,0,5,2.2516,0,0,2,0.3333,0,2,0,0,0,2181.2,353.02,17.83,1578
eb4e5a24-0a34-45b3-b324-080853641762,u_1063,bookeranna@example.org,casual,Dammam,android,6,29.03,12.4,0,0.1667,1,0,5,2.2516,0,0,1,0.1667,0,0,1,0,0,7548.8,2691.63,10.5,3612
61ffee43-6a48-4525-9af6-f25cb863f3e9,u_1002,hanan.alharbi@gmail.com,confused,Riyadh,android,5,34.09,8.8,0,0.0,0,0,5,2.3219,0,0,1,0.2,0,1,0,0,0,14714.25,5988.25,11.2,10230
566d14f4-b0fa-4c17-8d55-375e49604c91,u_1077,cameron96@example.org,casual,Mecca,web,7,32.17,13.06,0,0.0,0,0,6,2.5216,0,0,3,0.4286,0,2,0,1,0,9040.5,2820.4,12.86,5035
8512e6d9-9762-4303-be07-cc51e0d23181,u_1078,matthewmunoz@example.com,power_user,Mecca,ios,10,10.94,54.85,0,0.0,0,0,8,2.9219,0,0,7,0.7,1,2,1,1,0,1269.44,479.06,11.6,634
ad6ef8e2-c474-4538-9b60-c48637259c02,u_1050,tclarke@example.org,casual,Medina,android,6,27.28,13.19,0,0.0,0,0,5,2.2516,0,0,2,0.3333,0,0,1,1,0,7169.4,2379.21,13.17,4342
3fcf5e7a-15e1-403b-ab08-231673065138,u_1030,burkejeffrey@example.com,transactor,Tabuk,android,7,16.91,24.83,0,0.1429,1,0,5,2.2359,0,0,3,0.4286,0,0,1,2,0,3017.0,982.26,15.86,1341
23cc7a32-6631-40b5-9bb8-b4b2f500358d,u_1053,williambishop@example.org,power_user,Taif,android,13,13.66,57.11,0,0.0,0,0,8,2.7774,0,0,9,0.6923,1,2,2,0,0,1167.08,618.88,14.38,544
d1b94999-a563-4ac5-be96-1f302453b442,u_1070,jasondean@example.net,transactor,Mecca,ios,9,25.29,21.36,0,0.0,0,0,7,2.7255,0,0,6,0.6667,4,2,0,0,0,3762.25,1242.44,17.33,1652
7185f4fb-290a-4217-8058-5d0603342adf,admin_1,admin@rasd.local,admin,Mecca,web,37,49.12,45.19,0,0.0,0,0,6,2.2079,1,37,0,0.0,0,0,0,0,0,1378.56,410.61,17.7,647
467101c7-0a60-4e11-a8fd-06e4922c4057,u_1075,pdennis@example.org,power_user,Riyadh,android,10,9.86,60.88,0,0.0,0,0,6,2.371,0,0,4,0.4,1,3,0,0,0,1199.44,688.78,11.5,524
dca2fbf0-b885-401e-91e6-3237bba2b9d8,u_1052,julie73@example.org,casual,Khobar,web,8,48.78,9.84,0,0.0,0,0,7,2.75,0,0,2,0.25,1,0,0,0,0,8493.57,2001.24,9.5,4447
c000e2d2-c59b-4566-b351-d22479b84307,u_1039,karibeck@example.net,transactor,Abha,android,7,12.16,34.54,0,0.1429,1,0,6,2.5216,0,0,5,0.7143,1,2,1,1,0,2194.0,1169.22,17.43,1137
d4af32a5-aa67-4fab-86e7-4a6e45e618c0,unknown,rtaylor@example.com,power_user,Mecca,android,10,10.71,56.02,1,0.1,1,0,7,2.7219,0,0,6,0.6,1,2,0,1,0,1305.22,532.06,17.4,529
a08064b2-a73f-448a-94ba-4590b7bea264,u_1016,fowlerkelly@example.net,transactor,Tabuk,ios,6,10.14,35.5,0,0.0,0,0,6,2.585,0,0,2,0.3333,0,0,1,1,0,2509.6,580.37,16.83,1549
4d67a502-ec8a-4937-b47f-36093fbf64a0,u_1022,amandapayne@example.net,confused,Taif,web,3,18.96,9.49,0,0.0,0,0,3,1.585,0,0,0,0.0,0,0,0,0,0,17274.0,1639.0,13.33,15635
7cef165e-a3a4-42eb-b072-325f41170c98,u_1027,lwilson@example.org,casual,Mecca,ios,4,14.89,16.11,0,0.0,0,0,4,2.0,0,0,2,0.5,1,0,1,0,0,7529.0,2273.18,12.5,4645
641bfe78-3236-428c-b77c-243c76459d61,u_1043,amy95@example.com,casual,Dammam,android,4,10.94,21.94,0,0.0,0,0,4,2.0,0,0,0,0.0,0,0,0,0,0,4876.0,849.91,8.25,3738
db9e1c4d-7f01-4062-9596-f35273a3fe6c,u_1058,nturner@example.net,transactor,Tabuk,android,8,17.07,28.12,0,0.375,3,0,7,2.75,0,0,5,0.625,2,0,2,1,0,2726.29,944.76,12.25,1202
146cac5e-3c13-4482-8997-9ceb2f25a32f,u_1040,jasmine96@example.com,casual,Jeddah,web,6,37.78,9.53,0,0.0,0,0,6,2.585,0,0,1,0.1667,1,0,0,0,0,9904.0,1465.6,13.83,8170
b1c5e44c-4910-47ce-a05a-89b824c6ceda,u_1054,browningmichael@example.com,casual,Mecca,ios,8,48.74,9.85,0,0.0,0,0,7,2.75,0,0,1,0.125,0,0,0,0,0,8205.71,2004.74,10.0,5733
30fdb55c-3d9d-489b-841f-ac44fbbfeb57,u_1006,rebeccarivera@example.com,transactor,Buraidah,ios,9,18.27,29.55,0,0.0,0,0,9,3.1699,0,0,4,0.4444,2,1,0,1,0,2616.12,982.48,14.56,1183
4875796e-e22a-4215-a933-befb040ad9ce,u_1063,bookeranna@example.org,casual,Dammam,android,5,18.93,15.85,0,0.0,0,0,5,2.3219,0,0,1,0.2,0,1,0,0,0,6042.25,1788.35,15.0,3633
1be8444b-9859-4ad7-a54e-9beb407dbd63,u_1049,james84@example.org,transactor,Dammam,android,9,21.71,24.87,0,0.0,0,0,7,2.6416,0,0,7,0.7778,2,1,1,3,0,2921.5,975.24,17.11,1820
3906f67f-fb53-46ee-b524-557c066e2cdc,u_1075,pdennis@example.org,casual,Riyadh,android,4,15.73,15.26,0,0.0,0,0,4,2.0,0,0,0,0.0,0,0,0,0,0,9096.33,1940.12,9.5,6890
3e79b51e-b902-495e-a26a-c402a799ac54,u_1051,xhenderson@example.net,confused,Taif,web,5,49.86,6.02,0,0.0,0,0,5,2.3219,0,0,1,0.2,0,0,1,0,0,15462.25,3017.59,12.2,12069
f249ca4f-d73e-42eb-85b5-4c2259ed67db,u_1058,nturner@example.net,transactor,Tabuk,android,10,24.21,24.78,0,0.0,0,0,9,3.1219,0,0,4,0.4,2,0,0,1,0,2830.11,1158.62,12.0,1408
12f4ac33-4550-4eab-bf52-2555f405573e,u_1012,jsanchez@example.org,casual,Riyadh,web,4,12.08,19.86,0,0.0,0,0,4,2.0,0,0,1,0.25,0,0,0,0,0,7922.67,2698.41,9.75,5914
e1d4f2e6-831d-49da-976a-4b10afe652ad,admin_1,admin@rasd.local,admin,Tabuk,web,12,15.49,46.48,0,0.0,0,0,6,2.4591,1,12,0,0.0,0,0,0,0,0,1480.36,456.97,22.0,777
9ecca699-6d87-4bc0-8010-0845617bb539,unknown,cindy19@example.com,transactor,Medina,ios,12,32.98,21.83,1,0.0833,1,0,8,2.8554,0,0,7,0.5833,2,0,1,1,0,3218.64,1345.38,14.58,1094
54cbf7e8-fde9-4389-944c-f91164cc1800,admin_1,admin@rasd.local,admin,Abha,android,37,49.99,44.41,0,0.0,0,0,6,2.2433,1,37,0,0.0,0,0,0,0,0,1404.67,479.04,18.38,657
1a48d4ad-df03-477c-9db7-47d84248431a,u_1078,matthewmunoz@example.com,transactor,Mecca,ios,11,29.67,22.24,0,0.0,0,0,9,3.0272,0,0,8,0.7273,5,1,0,1,0,3237.0,793.66,15.45,1809
d23e00fe-01f2-47dd-b829-e637d9765b27,u_1078,matthewmunoz@example.com,transactor,Mecca,ios,6,14.9,24.16,0,0.0,0,0,6,2.585,0,0,3,0.5,3,0,0,0,0,3226.2,1007.86,13.67,1313
569ec743-20ee-4774-8a53-fdb0b3398b1b,u_1029,nataliefrazier@example.com,power_user,Taif,web,10,12.95,46.35,0,0.0,0,0,8,2.9219,0,0,7,0.7,2,2,2,0,0,1629.78,677.34,14.6,642
28939bdf-bd9e-4c56-b761-13001d6df477,u_1045,meyerrobin@example.com,transactor,Medina,android,11,29.76,22.18,0,0.1818,2,0,10,3.2776,0,0,8,0.7273,4,0,1,2,0,3323.9,835.11,19.64,1540
95a4a5d7-afaf-4f81-8c45-b137b490e97c,u_1031,toddmegan@example.org,confused,Khobar,android,3,22.82,7.89,0,0.0,0,0,3,1.585,0,0,0,0.0,0,0,0,0,0,21754.5,1027.5,9.67,20727
252b36d9-be23-4137-a8c7-3fc9193206ec,u_1041,johnsonjustin@example.com,confused,Dammam,android,5,42.87,7.0,0,0.0,0,0,4,1.9219,0,0,0,0.0,0,0,0,0,0,16899.75,6322.73,9.4,9194
0fc8f03f-9d3c-4a48-a19d-5b9e3da9b064,u_1003,queenrama@gmail.com,transactor,Jeddah,ios,11,27.31,24.17,0,0.0,0,0,8,2.914,0,0,8,0.7273,1,2,2,1,0,2897.9,1155.18,12.82,1206
6dcaf156-20db-4fbe-9c06-ffca6a1b1ebd,u_1069,craigthomas@example.org,transactor,Riyadh,ios,10,28.52,21.04,0,0.0,0,0,8,2.9219,0,0,6,0.6,3,1,0,2,0,3563.33,1010.07,15.8,1298
548b42b9-7ff9-4868-a938-9ef90f6079a1,u_1031,toddmegan@example.org,casual,Khobar,android,6,38.97,9.24,0,0.0,0,0,5,2.2516,0,0,2,0.3333,1,0,0,1,0,9261.0,1882.12,17.67,6642
63226fb2-fce4-451d-9ea2-24433d6d7d3b,u_1011,ashleyparks@example.org,power_user,Riyadh,android,17,22.66,45.01,0,0.0,0,0,10,3.1463,0,0,12,0.7059,2,2,4,2,0,1466.38,593.89,15.94,538
729ef787-9624-42ea-bac7-b2c752ca8e0d,u_1011,ashleyparks@example.org,casual,Riyadh,android,5,17.04,17.61,0,0.0,0,0,4,1.9219,0,0,2,0.4,0,0,2,0,0,6707.25,2056.47,18.2,4504
73a62695-09c9-4d96-9ef2-f09b7645f756,u_1072,deanedwards@example.org,transactor,Medina,ios,9,24.53,22.01,0,0.4444,4,0,8,2.9477,0,0,4,0.4444,3,0,1,0,0,3300.12,844.47,12.67,1999
8ba18031-0a48-4388-abe3-8a1928d27f59,u_1037,rtaylor@example.com,casual,Mecca,android,6,24.21,14.87,0,0.0,0,0,4,1.7925,0,0,4,0.6667,0,0,0,1,0,6483.6,1803.53,11.5,4171
ab8e4a5e-7ab7-40c4-b7de-45376b9622ec,u_1062,jensenkelly@example.com,transactor,Khobar,web,11,26.82,24.6,0,0.0909,0,1,9,3.0958,0,0,8,0.7273,2,1,2,1,0,2788.6,921.91,13.55,1315
a8d2eb52-2108-47ab-abe6-420bab490e9a,u_1068,matthew90@example.org,transactor,Medina,web,9,20.98,25.74,0,0.0,0,0,7,2.6416,0,0,3,0.3333,1,1,0,0,0,2878.0,1543.18,13.44,1101
7df2ff24-a9d0-45c5-be54-899cab2c03f7,u_1063,bookeranna@example.org,transactor,Dammam,android,8,13.36,35.93,0,0.0,0,0,6,2.4056,0,0,3,0.375,1,1,0,0,0,2527.86,982.15,16.88,1250
6873ca89-1a1c-4c36-8579-679e59b18e91,u_1036,jessicahoward@example.net,casual,Khobar,android,6,36.52,9.86,0,0.0,0,0,6,2.585,0,0,2,0.3333,0,0,1,1,0,9060.6,1451.15,11.83,6471
6c31cb47-b7c5-4c4d-90ec-6f290209c0d4,u_1046,kbutler@example.net,power_user,Mecca,web,16,16.82,57.09,0,0.0625,1,0,9,2.9528,0,0,10,0.625,3,3,0,4,0,1222.27,560.51,16.75,619
747f2cb2-5ab6-4739-b356-b1f9b65ac145,u_1047,parkerandrea@example.org,transactor,Mecca,android,11,22.78,28.98,0,0.0,0,0,8,2.8454,0,0,8,0.7273,4,0,1,2,0,2408.6,1289.7,18.55,1115
a7bfd2c4-12fa-4527-aea5-a02d81d47de3,unknown,toddmegan@example.org,casual,Khobar,android,7,28.29,14.85,1,0.1429,1,0,5,2.2359,0,0,3,0.4286,0,1,0,0,0,6357.0,1900.62,15.0,4148
d1907c50-ad23-4e73-80ad-9f6178cddf83,u_1055,brentswanson@example.org,confused,Dammam,web,3,21.43,8.4,0,0.0,0,0,3,1.585,0,0,1,0.3333,0,1,0,0,0,19369.0,2028.0,13.33,17341
1da706c6-6e3b-4e8e-a061-b222420e5f88,u_1002,hanan.alharbi@gmail.com,casual,Riyadh,ios,6,34.72,10.37,0,0.0,0,0,5,2.2516,0,0,1,0.1667,0,0,0,1,0,9269.4,2260.66,10.83,5178
c4ed89d5-b0d1-4e2f-b427-ce774349bf33,u_1044,upearson@example.org,transactor,Mecca,web,6,14.74,24.42,0,0.0,0,0,5,2.2516,0,0,4,0.6667,0,1,0,1,0,3771.8,938.55,14.33,2208
7430a22a-5549-42c7-b58c-621bed19257c,u_1032,amberbrown@example.org,casual,Dammam,android,5,23.9,12.55,0,0.0,0,0,5,2.3219,0,0,0,0.0,0,0,0,0,0,7602.25,2167.84,11.6,4551
1a3d7a84-d0b5-47a2-bb61-89f320b8114e,u_1013,anita30@example.com,casual,Tabuk,web,7,41.93,10.02,0,0.1429,1,0,6,2.5216,0,0,4,0.5714,0,1,1,0,1,8667.83,2629.26,12.71,3974
1915d72d-7d47-45d0-a28f-352a3946559e,u_1076,smalltimothy@example.org,casual,Tabuk,android,4,15.35,15.64,0,0.0,0,0,4,2.0,0,0,0,0.0,0,0,0,0,0,7068.0,1887.92,10.75,5559
997d803e-4bbf-4254-9f48-b45b1e1808c0,u_1024,wilsonjody@example.com,casual,Jeddah,ios,6,29.01,12.41,0,0.0,0,0,5,2.2516,0,0,1,0.1667,0,0,0,0,0,6743.8,2068.18,14.67,4002
4826a8a1-92ff-45e4-9cc6-62af04a15bee,u_1012,jsanchez@example.org,power_user,Riyadh,web,15,20.21,44.53,0,0.0667,1,0,9,2.9232,0,0,9,0.6,1,1,3,0,1,1578.93,622.43,12.2,668
6fb830fe-32f1-44b3-85d4-9d54ec8d2feb,u_1055,brentswanson@example.org,transactor,Dammam,web,8,20.52,23.39,0,0.0,0,0,8,3.0,0,0,5,0.625,1,1,1,1,0,3154.71,1128.39,14.88,1709
077a8f4a-7d9b-4e17-8fd4-ca8b92d05751,u_1028,anthonylindsay@example.com,casual,Tabuk,ios,4,15.84,15.15,0,0.0,0,0,4,2.0,0,0,0,0.0,0,0,0,0,0,6907.0,2214.65,10.0,4910
71b26fa4-852d-4bdb-95ec-eebf7017aebc,u_1026,jesus90@example.org,power_user,Taif,ios,9,10.27,52.57,0,0.0,0,0,8,2.9477,0,0,6,0.6667,1,1,1,2,0,1394.75,513.65,24.67,713
97fa85ce-8c27-4b9a-951a-ab350264278b,u_1038,ihardy@example.org,casual,Taif,web,5,24.32,12.34,0,0.0,0,0,5,2.3219,0,0,2,0.4,0,0,1,0,0,7802.0,2744.21,21.0,4201
fbde20fb-755c-4f14-96e5-140bd8f4b954,admin_1,admin@rasd.local,admin,Medina,android,7,5.95,70.6,0,0.0,0,0,5,2.1281,1,7,0,0.0,0,0,0,0,0,1251.67,345.54,21.43,740
cb4de4c3-484d-4475-baca-4477b54530d6,u_1056,reginaburnett@example.org,power_user,Tabuk,ios,15,22.03,40.86,0,0.0,0,0,8,2.6062,0,0,11,0.7333,2,2,0,1,0,1644.14,621.71,11.67,514
3a9a23f7-5013-468a-bf6e-39a3d760d861,u_1054,browningmichael@example.com,power_user,Mecca,ios,13,14.27,54.68,0,0.0,0,0,9,3.027,0,0,8,0.6154,3,1,0,2,0,1235.42,419.27,18.0,520
731abd94-42d5-441c-b049-417a80fbcd98,u_1009,amartin@example.org,casual,Jeddah,android,5,22.26,13.47,0,0.0,0,0,4,1.9219,0,0,2,0.4,0,0,0,0,0,7457.0,214.79,9.2,7241
920fca68-df74-4566-8e30-68f47cbfebde,u_1016,fowlerkelly@example.net,confused,Tabuk,ios,3,23.22,7.75,0,0.0,0,0,3,1.585,0,0,1,0.3333,0,0,1,0,0,23073.0,93.0,16.0,22980
a7dd6c68-e48d-44d3-85af-dd8f62ff77eb,admin_1,admin@rasd.local,admin,Riyadh,android,12,14.95,48.17,0,0.0,0,0,5,2.085,1,12,0,0.0,0,0,0,0,0,1475.64,479.51,18.25,778
7ac9d0ac-8042-46c1-94de-8e5836e40fb7,u_1019,morganserrano@example.net,casual,Jeddah,web,4,19.6,12.25,0,0.0,0,0,4,2.0,0,0,0,0.0,0,0,0,0,0,10445.33,972.65,11.75,9580
19839375-bc09-41b9-a732-b264ed9d6682,u_1080,ydelgado@example.com,power_user,Medina,web,15,18.58,48.43,0,0.0,0,0,10,3.2402,0,0,9,0.6,3,2,0,2,0,1449.14,420.08,21.8,806
fb38b09c-c07b-4c9b-b281-2527c87bd601,u_1029,nataliefrazier@example.com,casual,Taif,web,4,15.15,15.84,0,0.0,0,0,3,1.5,0,0,2,0.5,0,0,0,0,0,6385.0,2652.21,9.25,4063
74172e1f-5e6f-4126-8a14-5ff3c2718017,u_1021,jeffrey60@example.net,power_user,Buraidah,android,11,16.51,39.98,0,0.0,0,0,8,2.914,0,0,6,0.5455,1,1,2,0,0,1850.6,369.87,15.18,1105
e4f80dd4-76d0-44b8-893b-1b66142cc275,u_1035,cindy19@example.com,casual,Medina,ios,6,27.59,13.05,0,0.0,0,0,5,2.2516,0,0,1,0.1667,0,0,0,0,0,6375.4,1644.51,8.33,4358
c8f74ba2-a1be-4fae-a1a1-62c08ca7ba7c,admin_1,admin@rasd.local,admin,Jeddah,ios,37,55.31,40.13,0,0.0,0,0,6,2.0539,1,37,0,0.0,0,0,0,0,0,1530.44,493.21,22.59,670
33591ab8-cfca-4553-8c93-055355c6c154,u_1072,deanedwards@example.org,transactor,Medina,ios,11,24.67,26.76,0,0.0909,1,0,9,3.0958,0,0,6,0.5455,1,2,0,2,0,2577.2,1135.84,15.82,1093
78929284-6793-4937-a04f-988275aecc9b,u_1065,taylor44@example.com,power_user,Dammam,android,12,14.21,50.68,0,0.0,0,0,9,3.0221,0,0,9,0.75,5,2,1,1,0,1343.18,784.8,22.83,512
bff53105-90ee-4f97-98bc-840c9273951a,admin_1,admin@rasd.local,admin,Khobar,web,7,8.18,51.31,0,0.0,0,0,6,2.5216,1,7,0,0.0,0,0,0,0,0,1487.17,451.25,17.43,862
5b2b2612-9274-46e4-8412-29929aded083,u_1048,wolfbryan@example.com,power_user,Buraidah,web,10,16.41,36.56,0,0.0,0,0,8,2.9219,0,0,5,0.5,1,2,1,1,0,2041.33,448.67,18.6,1003
62c4229a-fe92-41c6-bfbb-e199dcaff57b,u_1047,parkerandrea@example.org,casual,Mecca,android,8,44.57,10.77,0,0.0,0,0,5,2.1556,0,0,2,0.25,0,2,0,0,0,6837.0,2939.33,16.12,3113
1e21ef4f-a1bb-4b72-855f-0374b430c9ab,u_1026,jesus90@example.org,casual,Taif,ios,4,21.58,11.12,0,0.0,0,0,4,2.0,0,0,0,0.0,0,0,0,0,0,10212.67,1175.09,9.25,9111
e53e382d-7539-4d8a-acdb-a663fd4184de,u_1041,johnsonjustin@example.com,casual,Dammam,android,7,43.49,9.66,0,0.0,0,0,7,2.8074,0,0,1,0.1429,0,0,1,0,0,7897.67,2660.68,13.29,3993
b5873e0e-8995-47b8-90b8-69ae2e26b4f9,u_1065,taylor44@example.com,casual,Dammam,android,4,8.88,27.01,0,0.0,0,0,3,1.5,0,0,2,0.5,0,0,0,0,0,5255.67,1609.63,18.0,3103
78414a48-8693-4486-9317-2a060b2870f8,u_1048,wolfbryan@example.com,casual,Buraidah,web,8,39.42,12.18,0,0.0,0,0,8,3.0,0,0,2,0.25,0,0,0,1,0,6603.71,1450.81,13.12,4921
7866e53a-c4ca-4815-974b-3842c1ab9952,u_1002,hanan.alharbi@gmail.com,casual,Riyadh,web,8,37.7,12.73,0,0.0,0,0,7,2.75,0,0,2,0.25,0,0,0,1,0,6003.0,2091.4,14.25,3302
2b02f660-e164-4c9c-923b-e6055866a9e4,u_1078,matthewmunoz@example.com,transactor,Mecca,ios,11,30.89,21.37,0,0.0,0,0,10,3.2776,0,0,5,0.4545,2,2,0,0,0,3482.3,1276.1,17.18,1234
a3d80d03-3ed8-421b-91a7-12117e36eacb,u_1008,danielsclaire@example.org,power_user,Riyadh,ios,9,9.01,59.92,0,0.0,0,0,7,2.7255,0,0,5,0.5556,1,1,0,2,0,1393.5,613.67,16.89,666
04b8e962-e1e6-4cc2-a17b-6a55af8052ac,unknown,cramsey@example.com,transactor,Dammam,android,8,19.62,24.47,1,0.125,1,0,7,2.75,0,0,4,0.5,2,0,1,0,0,3185.86,685.09,16.38,2628
cc1265c1-6a88-447a-aee4-16e45a541c78,u_1050,tclarke@example.org,transactor,Medina,android,8,17.77,27.01,0,0.0,0,0,7,2.75,0,0,5,0.625,3,1,1,0,0,2943.43,1189.09,22.25,1109
a696536c-b530-431e-80fe-54402571f6b3,u_1039,karibeck@example.net,confused,Abha,android,3,14.64,12.29,0,0.0,0,0,3,1.585,0,0,0,0.0,0,0,0,0,0,16907.5,2305.5,14.33,14602
117a1859-5644-4f5a-a2b5-42231f11cf4f,u_1023,zwhite@example.com,casual,Dammam,web,6,28.68,12.55,0,0.0,0,0,6,2.585,0,0,2,0.3333,1,0,1,0,0,6853.0,2589.37,15.17,4172
6345a547-2318-49c2-a2af-374684cf0b4f,unknown,brentswanson@example.org,transactor,Dammam,web,8,19.35,24.81,0,0.125,1,0,6,2.5,0,0,5,0.625,3,0,1,0,0,3202.43,1176.03,23.5,1042
cb935a5b-5bbe-4c9a-9b69-298399ae3db5,u_1054,browningmichael@example.com,power_user,Mecca,ios,17,26.13,39.04,0,0.0588,1,0,11,3.2639,0,0,11,0.6471,4,2,1,0,1,1665.62,519.47,13.0,690
5b709829-8680-476e-a366-57d0ef301886,u_1003,queenrama@gmail.com,transactor,Jeddah,web,8,17.85,26.89,0,0.0,0,0,7,2.75,0,0,4,0.5,2,0,0,2,0,2938.14,830.94,14.88,1704
8bb91e0c-8053-43d8-8bdb-ff60723e7f59,u_1080,ydelgado@example.com,casual,Medina,web,8,52.15,9.2,0,0.0,0,0,8,3.0,0,0,3,0.375,1,1,0,0,0,8436.14,2810.77,17.0,4123
52bf4482-7ade-415a-8032-69b7538400f1,u_1004,user@example.com,transactor,Jeddah,android,9,20.46,26.39,0,0.0,0,0,8,2.9477,0,0,5,0.5556,2,0,1,0,0,3165.75,935.03,14.44,1792
6356cde5-7c35-412a-962b-ebf9438ea732,u_1014,morrissharon@example.org,casual,Dammam,android,6,25.81,13.95,0,0.0,0,0,4,1.9183,0,0,0,0.0,0,0,0,0,0,7149.8,1567.94,11.67,5531
c7cabbe9-cde6-4d83-9fc9-3b0c032470a4,u_1032,amberbrown@example.org,casual,Dammam,android,6,35.12,10.25,0,0.1667,1,0,6,2.585,0,0,3,0.5,0,1,0,1,0,7929.2,2213.62,18.83,4644
71e8b6d2-5e23-4a9b-959e-61f3056c3a56,u_1062,jensenkelly@example.com,casual,Khobar,web,4,11.62,20.66,0,0.0,0,0,4,2.0,0,0,0,0.0,0,0,0,0,0,7355.0,2252.83,10.0,5267
0116b717-202c-4462-baf2-24bfd58d2a68,u_1048,wolfbryan@example.com,confused,Buraidah,web,5,55.84,5.37,0,0.0,0,0,5,2.3219,0,0,0,0.0,0,0,0,0,0,20025.0,4375.97,8.4,14423
0058c00d-3976-4fbf-b330-90ceccd27c9a,u_1028,anthonylindsay@example.com,casual,Tabuk,ios,5,17.67,16.97,0,0.0,0,0,5,2.3219,0,0,2,0.4,1,0,0,0,0,6121.5,3017.56,25.4,3085
edd30e0f-f8c4-40e3-9d37-f540e7e0a4c2,u_1040,jasmine96@example.com,casual,Jeddah,web,6,34.92,10.31,0,0.0,0,0,5,2.2516,0,0,1,0.1667,0,0,0,0,0,8070.4,2349.6,11.33,5522
aff689b7-5656-40c2-8359-09c08c776d25,u_1015,fred73@example.org,casual,Jeddah,android,5,28.68,10.46,0,0.0,0,0,4,1.9219,0,0,2,0.4,0,0,0,2,0,9881.5,1525.06,16.4,7249
3a10de9d-6e4e-4e8b-8205-d624baab2766,u_1046,kbutler@example.net,power_user,Mecca,web,14,18.0,46.67,0,0.0714,0,1,10,3.1281,0,0,9,0.6429,1,1,3,3,0,1528.46,525.57,17.14,512
2c0dde86-427c-4e53-9816-c4c8aa168bde,u_1035,cindy19@example.com,transactor,Medina,ios,7,15.95,26.33,0,0.1429,0,1,7,2.8074,0,0,3,0.4286,2,0,1,0,0,3039.33,1033.36,17.43,1909
fa6ad7d3-c067-402b-8ec9-7e69577211a0,u_1079,michelle79@example.com,confused,Khobar,ios,6,45.02,8.0,0,0.0,0,0,4,1.9183,0,0,2,0.3333,0,2,0,0,0,17914.0,2935.14,15.5,14040
499e4ff4-c028-484f-9f4d-fe6cb1c58658,u_1022,amandapayne@example.net,casual,Taif,web,7,30.29,13.87,0,0.0,0,0,7,2.8074,0,0,2,0.2857,0,1,0,0,0,6782.33,3020.76,19.0,3296
d3a33714-794d-486b-aa5c-36169758b68d,u_1071,zsmith@example.org,transactor,Khobar,android,11,27.48,24.02,0,0.2727,3,0,8,2.7322,0,0,8,0.7273,3,1,4,0,0,2824.9,1015.78,22.09,1015
6df91e1d-8637-4810-820e-3978d3d6eae9,u_1047,parkerandrea@example.org,casual,Mecca,android,4,17.92,13.39,0,0.0,0,0,4,2.0,0,0,1,0.25,0,0,0,0,0,7458.0,2539.61,13.5,4520
e5aadc4c-cb32-4bdf-b058-ea5cbdde52cf,u_1058,nturner@example.net,power_user,Tabuk,android,14,15.03,55.9,0,0.0,0,0,9,2.9852,0,0,10,0.7143,1,2,3,3,0,1258.0,509.5,18.21,645
76b60e9f-7874-4657-95ea-516251e77f84,u_1044,upearson@example.org,transactor,Mecca,web,9,20.37,26.51,0,0.0,0,0,8,2.9477,0,0,6,0.6667,5,0,0,1,0,2968.25,866.04,23.33,1979
421ed467-8b52-4b91-b0d0-d9c2b5a5aa45,u_1011,ashleyparks@example.org,transactor,Riyadh,android,9,17.65,30.59,0,0.0,0,0,6,2.4194,0,0,7,0.7778,0,2,3,1,0,2629.5,793.34,20.33,1022
12d021b9-7625-466a-9a21-a2ad09f339bd,u_1041,johnsonjustin@example.com,confused,Dammam,android,5,52.3,5.74,0,0.0,0,0,5,2.3219,0,0,3,0.6,1,1,0,1,0,16045.5,4815.09,26.8,10826
0dbac87a-819f-4e5b-bd62-51e932748ded,u_1011,ashleyparks@example.org,power_user,Riyadh,android,15,19.69,45.71,0,0.0,0,0,10,3.1899,0,0,8,0.5333,1,3,2,0,0,1484.21,569.98,14.67,731
abb1a634-019b-4719-8d79-0983c59e3438,u_1036,jessicahoward@example.net,casual,Khobar,android,8,58.35,8.23,0,0.0,0,0,4,1.75,0,0,0,0.0,0,0,0,0,0,9094.43,2407.51,10.5,5434
ac374f30-dd02-4853-b523-15fbd9820ccc,u_1032,amberbrown@example.org,power_user,Dammam,android,17,23.58,43.25,0,0.0588,1,0,10,3.1019,0,0,12,0.7059,5,2,0,4,0,1583.5,547.19,18.59,538
b799b556-7354-4719-99eb-49ff9b28ff4a,u_1069,craigthomas@example.org,power_user,Riyadh,ios,14,18.19,46.17,0,0.0,0,0,10,3.182,0,0,5,0.3571,1,2,0,1,0,1489.69,554.56,14.79,588
bf3df9eb-22ae-4397-8a9a-0c22f304e35a,u_1024,wilsonjody@example.com,casual,Jeddah,ios,5,32.06,9.36,0,0.0,0,0,5,2.3219,0,0,0,0.0,0,0,0,0,0,9613.25,1851.49,11.6,6471
0fa9c016-9261-4d22-bf69-b8c8c632cac0,u_1071,zsmith@example.org,casual,Khobar,android,8,51.79,9.27,0,0.0,0,0,7,2.75,0,0,4,0.5,1,0,0,1,0,8620.71,2146.38,19.0,5660
0c332a90-b7ee-4290-8ef0-f038b5413f03,u_1001,taif.alsaadi@gmail.com,casual,Mecca,android,4,17.13,14.01,0,0.0,0,0,4,2.0,0,0,1,0.25,0,0,0,0,0,8095.0,2383.84,21.25,5702
038f42df-9ac9-4bac-b4b9-8afb97bbbdbd,u_1051,xhenderson@example.net,casual,Taif,web,6,24.39,14.76,0,0.1667,1,0,4,1.9183,0,0,4,0.6667,0,0,2,0,1,6298.2,1309.07,14.83,4295
7d0e87d7-b314-44dd-b040-7c615ff487cb,u_1008,danielsclaire@example.org,casual,Riyadh,ios,8,46.07,10.42,0,0.0,0,0,4,1.8113,0,0,0,0.0,0,0,0,0,0,7588.0,2259.0,9.38,3790
e5543bc6-53c6-41e9-a13e-6ad09e6db7b7,u_1068,matthew90@example.org,casual,Medina,web,8,43.28,11.09,0,0.125,0,1,7,2.75,0,0,5,0.625,1,1,1,0,0,7294.0,1720.96,14.38,5093
0e9bcfaa-771e-41a5-b37d-1c07b615efe4,u_1020,denisemiller@example.com,power_user,Buraidah,android,13,15.38,50.72,0,0.3077,4,0,9,2.9312,0,0,7,0.5385,1,0,1,4,0,1302.92,692.32,17.0,510
1c592179-eae0-4390-be69-87c2a1d52819,u_1074,harrisdaniel@example.net,power_user,Jeddah,web,15,19.6,45.93,0,0.0,0,0,10,3.1899,0,0,8,0.5333,1,2,2,1,0,1554.21,599.86,18.6,508
501f3190-cd4f-4954-af9f-92152b783883,u_1009,amartin@example.org,casual,Jeddah,android,6,23.8,15.13,0,0.0,0,0,6,2.585,0,0,3,0.5,1,1,0,0,0,6281.8,1071.16,18.83,4655
c1068573-e8b3-45cb-8d0d-136017303d80,u_1061,cramsey@example.com,transactor,Dammam,android,9,22.83,23.65,0,0.1111,1,0,6,2.4194,0,0,6,0.6667,2,0,3,1,0,3268.75,1005.34,21.0,1605
6c666a55-028b-4e57-a9e3-3c03b99318bb,u_1044,upearson@example.org,transactor,Mecca,web,9,21.91,24.64,0,0.0,0,0,8,2.9477,0,0,5,0.5556,2,1,1,0,0,3308.38,1263.75,18.67,1279
5a5de25e-3a32-464e-9255-4eac7be2af68,u_1008,danielsclaire@example.org,transactor,Riyadh,ios,8,18.1,26.52,0,0.0,0,0,8,3.0,0,0,5,0.625,3,1,1,0,0,3118.14,1004.64,20.12,1437
2a10e1a8-17e8-4ab4-83c7-f3794fb60e09,u_1015,fred73@example.org,transactor,Jeddah,android,6,9.5,37.88,0,0.0,0,0,6,2.585,0,0,1,0.1667,1,0,0,0,0,2771.6,1020.66,17.67,1549
3ffee18a-f773-4aa7-b11b-6d55016bea23,u_1065,taylor44@example.com,transactor,Dammam,android,9,23.37,23.11,0,0.0,0,0,8,2.9477,0,0,6,0.6667,4,1,0,1,0,3070.12,1137.71,23.33,1438
47903232-480e-4c4c-a4cd-b24f5381d5e7,u_1075,pdennis@example.org,transactor,Riyadh,android,6,11.65,30.9,0,0.0,0,0,6,2.585,0,0,3,0.5,0,1,0,1,0,3049.2,975.93,15.67,1638
26f6c0cf-0675-4213-b310-8267776707b4,u_1019,morganserrano@example.net,casual,Jeddah,web,8,46.07,10.42,0,0.0,0,0,7,2.75,0,0,3,0.375,1,0,0,2,0,7301.86,2537.56,22.88,3348
89559d31-379b-4bb9-b770-acc3043d99a2,unknown,pdennis@example.org,casual,Riyadh,android,8,50.33,9.54,0,0.125,1,0,4,1.9056,0,0,3,0.375,0,0,0,0,0,8540.14,2266.8,10.0,3805
ea715dce-e27d-430d-90b4-8441c4cd5106,u_1039,karibeck@example.net,transactor,Abha,android,9,18.09,29.85,0,0.0,0,0,7,2.7255,0,0,4,0.4444,1,1,0,2,0,2621.0,968.27,21.56,1407
36309a6d-7087-4bcd-a741-2a02ff7ee8d3,u_1049,james84@example.org,confused,Dammam,android,4,26.73,8.98,0,0.0,0,0,4,2.0,0,0,0,0.0,0,0,0,0,0,13758.67,1486.09,10.25,11670
90ecfb0b-f457-4bc8-8c1e-9fdfb82d7912,unknown,zwhite@example.com,casual,Dammam,web,8,57.08,8.41,1,0.125,1,0,6,2.5,0,0,3,0.375,0,1,0,0,0,9711.57,1886.78,12.38,7045
4f640fb6-02b4-4b29-ab93-79e1233f5afd,u_1052,julie73@example.org,transactor,Khobar,web,10,26.45,22.68,0,0.3,3,0,7,2.7219,0,0,8,0.8,3,0,1,2,0,3371.89,976.47,17.4,1626
588ac194-8df9-4927-8179-4a686a3116e8,u_1073,qanthony@example.com,casual,Taif,android,4,13.92,17.24,0,0.0,0,0,4,2.0,0,0,1,0.25,0,0,0,0,0,8500.0,3385.11,11.25,3799
d59dcb6b-790d-489f-8417-814a14e167df,u_1029,nataliefrazier@example.com,casual,Taif,web,7,38.03,11.04,0,0.0,0,0,4,1.8424,0,0,3,0.4286,0,0,0,0,0,7511.17,1911.9,13.43,4695
6aa61827-a12f-441f-9bff-8580cd2b8678,u_1071,zsmith@example.org,transactor,Khobar,android,11,22.31,29.58,0,0.0909,1,0,9,3.0958,0,0,7,0.6364,2,0,2,2,0,2363.7,1152.82,19.27,1013
bcf39b91-e8e4-4950-8e93-bc5a1c931b80,u_1061,cramsey@example.com,confused,Dammam,android,4,21.29,11.27,0,0.0,0,0,4,2.0,0,0,1,0.25,0,0,0,0,0,15282.67,6621.74,9.5,9756
a8bdf37c-459d-4e14-8edf-66dede24a6bf,u_1006,rebeccarivera@example.com,transactor,Buraidah,ios,7,14.05,29.89,0,0.0,0,0,4,1.6645,0,0,5,0.7143,1,4,0,0,0,2871.17,1099.46,28.29,1298
44b8ebae-cf80-4844-822c-29cef1c0e0f9,u_1078,matthewmunoz@example.com,casual,Mecca,ios,8,36.15,13.28,0,0.0,0,0,6,2.5,0,0,3,0.375,0,0,1,0,0,5611.0,2383.62,21.38,3174
08a7571e-f894-4222-b594-9ef6ee538784,u_1073,qanthony@example.com,power_user,Taif,android,12,15.59,46.19,0,0.0,0,0,10,3.2516,0,0,5,0.4167,1,2,1,0,0,1443.36,645.81,15.0,519
39e256c3-89ac-4645-ba4c-718e08f47476,u_1038,ihardy@example.org,casual,Taif,web,6,35.43,10.16,0,0.0,0,0,5,2.2516,0,0,2,0.3333,0,0,2,0,0,7959.0,3073.49,24.83,4159
32d57ebe-9919-4d86-8317-9d7e97263ea9,admin_1,admin@rasd.local,admin,Dammam,web,12,12.68,56.77,0,0.0,0,0,6,2.3554,1,12,0,0.0,0,0,0,0,0,1197.09,466.86,22.17,612
79ff2123-4f38-4e4e-af77-11b39e5a148b,admin_1,admin@rasd.local,admin,Khobar,android,7,7.62,55.15,0,0.0,0,0,5,2.2359,1,7,0,0.0,0,0,0,0,0,1566.5,415.01,21.71,928
a910a8b1-dd82-4970-8a74-1fe533430297,u_1073,qanthony@example.com,casual,Taif,android,8,41.99,11.43,0,0.0,0,0,8,3.0,0,0,4,0.5,2,0,0,1,0,7364.29,3232.34,15.12,3178
debbacfa-52fd-4cfb-82fa-c265bebcc4a6,u_1065,taylor44@example.com,casual,Dammam,android,5,26.82,11.18,0,0.0,0,0,4,1.9219,0,0,2,0.4,0,0,0,0,0,8619.5,1432.66,8.6,7451
acb01fc5-6e2a-423e-bb1e-d76969fe02b9,u_1046,kbutler@example.net,casual,Mecca,web,5,22.29,13.46,0,0.0,0,0,4,1.9219,0,0,1,0.2,1,0,0,0,0,7494.0,1562.85,17.2,5446
454b1dec-8948-4496-ba38-db2689e135a3,u_1058,nturner@example.net,power_user,Tabuk,android,10,10.56,56.82,0,0.1,1,0,7,2.6464,0,0,5,0.5,0,0,3,1,0,1405.67,563.98,15.3,687
617cc0ce-31d0-4530-8669-bb3a32c58733,admin_1,admin@rasd.local,admin,Riyadh,web,22,29.59,44.61,0,0.0,0,0,6,2.1562,1,22,0,0.0,0,0,0,0,0,1462.67,598.68,25.05,649
b0773677-b9ef-4633-bb99-3b05a5891757,u_1040,jasmine96@example.com,casual,Jeddah,web,4,12.27,19.55,0,0.0,0,0,4,2.0,0,0,1,0.25,0,1,0,0,0,5801.67,1913.97,25.25,3799
73c2f7d5-cb04-451c-a58d-246f66b2f23b,u_1045,meyerrobin@example.com,casual,Medina,android,8,35.1,13.68,0,0.0,0,0,5,2.25,0,0,0,0.0,0,0,0,0,0,6584.14,2225.84,15.38,3719
fc2e4aee-1bea-4e7e-834b-9b8215fe384f,admin_1,admin@rasd.local,admin,Abha,android,12,14.53,49.55,0,0.0,0,0,6,2.2213,1,12,0,0.0,0,0,0,0,0,1407.91,433.64,20.83,755
620dfc44-4956-4ebf-b8ed-e2f5c1ae219b,u_1075,pdennis@example.org,transactor,Riyadh,android,8,15.65,30.66,0,0.0,0,0,8,3.0,0,0,4,0.5,3,0,0,1,0,2704.86,1142.97,22.62,1315
48f3c9cb-ad79-41ae-9e32-8ce5ae36d6f5,u_1079,michelle79@example.com,power_user,Khobar,ios,9,11.34,47.64,0,0.0,0,0,4,1.7527,0,0,7,0.7778,0,4,0,0,0,1605.75,479.2,16.56,585
32ecc976-d755-4f5e-bacb-21143a1ba0a6,u_1033,jefferypowell@example.com,transactor,Abha,ios,9,21.06,25.64,0,0.0,0,0,7,2.7255,0,0,6,0.6667,3,2,1,0,0,3714.67,1121.84,22.44,2075
76fc96a5-f8c8-42e7-8c86-1c0c77805acf,u_1042,brian14@example.net,casual,Buraidah,ios,6,35.68,10.09,0,0.0,0,0,5,2.2516,0,0,2,0.3333,1,0,0,1,0,8249.4,2550.49,21.17,5748
c30cbb66-ac64-42bf-aca4-a8d390b7b649,u_1027,lwilson@example.org,transactor,Mecca,ios,7,12.74,32.98,0,0.0,0,0,5,2.2359,0,0,5,0.7143,0,1,0,2,0,2604.17,669.45,21.43,1940
716acb03-1f24-4ce5-9e38-d5ab1b27972f,u_1035,cindy19@example.com,transactor,Medina,ios,6,11.64,30.93,0,0.1667,0,1,6,2.585,0,0,3,0.5,1,0,1,1,0,2995.8,914.89,22.83,2018
9df045d4-c02a-45a6-959d-84237a181109,u_1037,rtaylor@example.com,power_user,Mecca,android,16,20.53,46.77,0,0.0,0,0,10,3.0244,0,0,11,0.6875,3,1,5,0,0,1396.2,631.22,19.38,712
d5464391-c038-4ac5-8bf6-2f11f55994fa,u_1033,jefferypowell@example.com,transactor,Abha,ios,6,13.44,26.78,0,0.0,0,0,6,2.585,0,0,1,0.1667,0,1,0,0,0,3073.2,662.68,12.0,2032
f73c03a3-5cc8-4f2f-8e3a-a1ed5723d48c,u_1036,jessicahoward@example.net,casual,Khobar,android,4,18.95,12.66,0,0.0,0,0,4,2.0,0,0,1,0.25,0,0,0,0,0,8571.0,1573.85,11.0,6831
3f93d9a0-34c0-4212-84a5-98960ff4bf64,u_1026,jesus90@example.org,casual,Taif,ios,4,8.99,26.68,0,0.0,0,0,3,1.5,0,0,2,0.5,0,0,0,0,0,5307.0,1462.05,19.5,3437
e52b6569-3e03-4934-aa60-1e4ec1e62252,u_1037,rtaylor@example.com,confused,Mecca,android,5,47.11,6.37,0,0.0,0,0,5,2.3219,0,0,1,0.2,0,0,0,1,0,15602.25,2330.78,22.0,13235
7b55fb72-85ca-41b5-97c9-051f7cd09816,u_1015,fred73@example.org,casual,Jeddah,android,4,19.57,12.27,0,0.0,0,0,3,1.5,0,0,2,0.5,0,0,0,0,0,8056.67,2474.07,18.5,4659
99c3f250-0cf3-4436-86ab-285466d189c1,u_1015,fred73@example.org,transactor,Jeddah,android,8,18.43,26.04,0,0.375,3,0,8,3.0,0,0,3,0.375,2,0,0,1,0,2912.29,830.99,13.5,1629
afc6593d-2f10-45b4-a7d8-c8a48943f849,u_1071,zsmith@example.org,casual,Khobar,android,5,19.1,15.71,0,0.0,0,0,4,1.9219,0,0,2,0.4,0,0,0,0,0,6497.25,1527.92,13.0,4295
1578f088-385b-4a82-851e-bcc9293884af,u_1021,jeffrey60@example.net,confused,Buraidah,android,3,22.81,7.89,0,0.0,0,0,3,1.585,0,0,0,0.0,0,0,0,0,0,18113.0,4667.0,13.33,13446
4de53863-1435-4745-b648-ae8badbd779e,u_1022,amandapayne@example.net,confused,Taif,web,5,39.55,7.58,0,0.0,0,0,5,2.3219,0,0,1,0.2,0,0,0,0,0,13311.5,3603.27,9.6,10079
afe46d64-e8ca-4ea9-8d9e-90a1d29f445f,u_1010,ellen35@example.net,casual,Medina,android,6,35.41,10.17,0,0.0,0,0,5,2.2516,0,0,1,0.1667,0,1,0,0,0,8663.6,829.94,15.5,7439
cfb8e1ba-1cd7-4a56-bb7c-51f3e6fef05d,admin_1,admin@rasd.local,admin,Abha,web,12,14.89,48.36,0,0.0,0,0,6,2.3962,1,12,0,0.0,0,0,0,0,0,1477.64,416.68,22.67,725
b11b02f7-9e75-49fa-af06-7ae85769f0a6,u_1004,user@example.com,transactor,Jeddah,web,9,26.29,20.54,0,0.0,0,0,7,2.6416,0,0,6,0.6667,3,3,0,0,0,3487.75,864.15,24.56,1862
e1725a8f-fe12-4db2-9bea-70f0e4b79891,u_1070,jasondean@example.net,casual,Mecca,ios,8,49.02,9.79,0,0.0,0,0,5,2.1556,0,0,0,0.0,0,0,0,0,0,7874.57,1262.73,9.5,6190
7f4f1bb6-2aa5-42c8-93d1-b95c2b9250e8,u_1047,parkerandrea@example.org,casual,Mecca,android,6,34.51,10.43,0,0.0,0,0,6,2.585,0,0,2,0.3333,1,0,0,0,0,8296.6,2575.65,14.83,3846
1e34cc3f-eaf8-4e90-91b6-57ca3bb43302,u_1026,jesus90@example.org,power_user,Taif,ios,12,12.09,59.55,0,0.0,0,0,10,3.2516,0,0,6,0.5,2,1,1,0,0,1235.0,460.13,15.83,603
b42698af-658a-4439-84a5-1db3c9bf8349,u_1050,tclarke@example.org,casual,Medina,android,5,17.11,17.54,0,0.0,0,0,5,2.3219,0,0,1,0.2,0,0,0,0,0,6051.25,1263.58,13.6,4023
8cef93fd-ad50-4d43-b650-9439f6dfe878,u_1020,denisemiller@example.com,casual,Buraidah,android,5,27.13,11.06,0,0.0,0,0,5,2.3219,0,0,1,0.2,0,0,0,0,0,8866.5,2644.71,17.2,4739
96ca89ca-01fb-483f-8a93-0037fbc70532,u_1047,parkerandrea@example.org,power_user,Mecca,android,11,17.85,36.98,0,0.0,0,0,8,2.8454,0,0,5,0.4545,0,1,0,3,0,1811.6,536.2,19.55,519
dbec1ecb-356f-440a-983d-70b2e6272cca,u_1072,deanedwards@example.org,power_user,Medina,ios,14,17.29,48.59,0,0.0,0,0,8,2.8424,0,0,7,0.5,1,0,0,3,0,1417.69,691.38,16.43,521
468ecb35-d73e-4117-ba1d-3fcec8ec0500,u_1028,anthonylindsay@example.com,transactor,Tabuk,ios,8,22.13,21.69,0,0.0,0,0,6,2.5,0,0,5,0.625,1,2,0,2,0,3426.43,989.17,19.62,1830
1f3500e8-8613-4fbe-879d-7493553ebcf0,u_1048,wolfbryan@example.com,transactor,Buraidah,web,10,21.71,27.64,0,0.0,0,0,9,3.1219,0,0,7,0.7,2,2,1,1,0,2822.33,759.63,20.3,1565
9146258f-7acc-46ed-96d5-e3c6a1d5bbe3,u_1016,fowlerkelly@example.net,casual,Tabuk,ios,7,22.71,18.49,0,0.0,0,0,5,2.2359,0,0,2,0.2857,0,0,0,0,0,5388.67,2266.78,8.86,3021
5310afff-fa19-4e2f-8933-a84d6a5f7669,u_1031,toddmegan@example.org,casual,Khobar,android,5,23.43,12.8,0,0.0,0,0,5,2.3219,0,0,1,0.2,0,0,0,0,0,7819.75,1748.41,14.4,5015
7d8c87ce-3a8d-44f5-8d50-957967d99313,u_1001,taif.alsaadi@gmail.com,transactor,Mecca,android,6,10.93,32.94,0,0.0,0,0,6,2.585,0,0,2,0.3333,1,0,0,0,0,2534.4,981.69,14.33,1191
6581660b-8507-48eb-9e57-ca518a688401,u_1030,burkejeffrey@example.com,power_user,Tabuk,android,12,19.01,37.87,0,0.0,0,0,8,2.8554,0,0,5,0.4167,1,3,0,1,0,1848.64,666.25,17.5,674
1ca64f38-b2e4-4402-8ea1-25fccc789134,admin_1,admin@rasd.local,admin,Tabuk,ios,12,16.56,43.48,0,0.0,0,0,5,1.8962,1,12,0,0.0,0,0,0,0,0,1557.45,511.19,30.25,635
d179c85e-7a4a-4324-989c-41f517c8286b,u_1056,reginaburnett@example.org,transactor,Tabuk,ios,8,23.47,20.45,0,0.125,1,0,7,2.75,0,0,4,0.5,1,1,2,0,1,3656.29,1161.94,21.0,1472
46ccbc6d-ac8e-40c2-9607-9c16e1fdf8a1,u_1043,amy95@example.com,casual,Dammam,android,8,42.99,11.17,0,0.0,0,0,6,2.4056,0,0,2,0.25,0,0,0,1,0,7207.0,2302.92,13.12,5106
3a455834-065f-4351-8043-a89e48ac69aa,u_1049,james84@example.org,transactor,Dammam,android,7,14.42,29.13,0,0.0,0,0,5,2.1281,0,0,3,0.4286,0,0,0,3,0,3010.17,768.13,16.86,1978
b04e3426-268e-4af6-9881-5ff5a9713c89,u_1075,pdennis@example.org,casual,Riyadh,android,7,42.91,9.79,0,0.0,0,0,6,2.5216,0,0,0,0.0,0,0,0,0,0,7687.67,3300.94,15.43,3050
57fe74dd-6b25-40ae-b85c-828966bcf8ff,u_1031,toddmegan@example.org,transactor,Khobar,android,6,10.1,35.63,0,0.0,0,0,6,2.585,0,0,3,0.5,1,1,1,0,0,2843.4,972.64,19.67,1550
0531d32d-1cc6-4a30-a084-6f5e29ee5412,u_1069,craigthomas@example.org,transactor,Riyadh,ios,10,27.34,21.94,0,0.0,0,0,9,3.1219,0,0,6,0.6,2,1,0,1,0,3488.78,1414.22,19.0,1117
4920d86f-593b-4849-aa9a-00c7f68935f8,u_1034,cabreraashley@example.org,casual,Mecca,ios,5,23.6,12.71,0,0.0,0,0,5,2.3219,0,0,1,0.2,0,0,0,0,0,7860.75,3081.23,16.0,3133
e175636e-22ab-4b3f-bca0-e8170e0298bc,u_1018,eileen13@example.org,power_user,Riyadh,ios,12,13.33,54.0,0,0.4167,5,0,8,2.7925,0,0,6,0.5,1,0,3,1,0,1409.27,543.94,14.58,596
c442df41-30dd-4e3d-9754-9950b629f75d,u_1006,rebeccarivera@example.com,casual,Buraidah,ios,4,9.87,24.31,0,0.0,0,0,4,2.0,0,0,0,0.0,0,0,0,0,0,6134.33,1925.14,19.75,3921
d9a4eb64-f774-444f-bd68-870abb79135e,u_1078,matthewmunoz@example.com,casual,Mecca,ios,7,24.53,17.12,0,0.0,0,0,6,2.5216,0,0,3,0.4286,1,1,1,0,0,5018.33,1245.52,23.29,3044
9b81b0ca-dedf-4826-ade4-6ee9ba4b19f5,u_1077,cameron96@example.org,transactor,Mecca,web,8,16.4,29.27,0,0.0,0,0,7,2.75,0,0,5,0.625,2,1,1,0,0,2791.0,950.97,19.75,1471
fd2bf40f-85c9-47ce-ae7d-0346355ef5d5,u_1062,jensenkelly@example.com,transactor,Khobar,web,8,18.91,25.39,0,0.0,0,0,6,2.4056,0,0,5,0.625,0,1,3,0,0,3047.43,853.53,24.62,1950
190d5843-a023-41be-9c7c-bbafceaba09f,u_1002,hanan.alharbi@gmail.com,confused,Riyadh,web,4,26.57,9.03,0,0.0,0,0,4,2.0,0,0,1,0.25,0,0,0,0,0,12240.33,2466.49,13.5,10195
176af0e7-c13d-44fa-8f30-4ebd5c4281ac,u_1052,julie73@example.org,casual,Khobar,web,8,46.31,10.36,0,0.125,1,0,7,2.75,0,0,2,0.25,1,0,1,0,0,7326.0,1960.3,17.25,5060
a6976e79-079d-450e-a8fe-c4c655540b68,u_1048,wolfbryan@example.com,casual,Buraidah,web,8,48.98,9.8,0,0.0,0,0,6,2.4056,0,0,1,0.125,0,1,0,0,0,7559.57,2347.71,13.5,4082
50290d2f-4592-4b4a-9716-1fd97bc0705d,u_1037,rtaylor@example.com,confused,Mecca,android,3,21.36,8.43,0,0.0,0,0,3,1.585,0,0,0,0.0,0,0,0,0,0,17545.0,3764.0,14.33,13781
7166b487-3271-4acd-af33-bb6ce897e675,unknown,nturner@example.net,power_user,Tabuk,android,14,17.8,47.2,1,0.2143,2,1,9,3.0391,0,0,7,0.5,1,2,0,3,0,1518.0,564.82,17.86,577
35025571-9aa8-4c3c-bd9b-5d53ee9a7871,u_1009,amartin@example.org,transactor,Jeddah,android,6,10.05,35.83,0,0.0,0,0,5,2.2516,0,0,4,0.6667,0,1,1,0,0,2659.4,769.29,18.0,1450
52b25848-21fd-4411-91fa-6646829b8ae9,u_1060,heather99@example.com,casual,Buraidah,web,6,28.0,12.86,0,0.0,0,0,5,2.2516,0,0,3,0.5,0,1,0,0,0,7370.8,2495.47,21.67,3577
56498cf5-7267-4f7c-9580-7d8b29b284b5,u_1076,smalltimothy@example.org,casual,Tabuk,android,4,12.11,19.82,0,0.0,0,0,4,2.0,0,0,2,0.5,0,1,0,0,0,7054.0,2301.44,18.75,3843
b7566509-6887-4dcf-8c21-b7a16c6fad8f,u_1055,brentswanson@example.org,confused,Dammam,web,4,23.94,10.02,0,0.0,0,0,4,2.0,0,0,0,0.0,0,0,0,0,0,13831.33,3177.18,11.75,9834
96b3c154-cbe4-43b7-9cd6-ba5eeae0080e,u_1052,julie73@example.org,casual,Khobar,web,4,16.06,14.94,0,0.0,0,0,4,2.0,0,0,1,0.25,0,0,0,0,0,7350.0,2960.41,13.75,4548
2a4d9bf5-e277-4614-83c0-f0a26c378cc5,u_1059,charles71@example.com,transactor,Tabuk,ios,11,24.32,27.14,0,0.0,0,0,8,2.914,0,0,6,0.5455,3,0,1,0,0,2707.4,968.9,21.27,1032
f5d1e807-3b92-4c09-97c6-551d593c60f4,u_1043,amy95@example.com,power_user,Dammam,android,13,15.15,51.49,0,0.0,0,0,9,3.0851,0,0,7,0.5385,3,0,2,2,0,1277.75,561.0,24.31,519
0008cfac-be51-4137-8847-445414cc266d,u_1056,reginaburnett@example.org,power_user,Tabuk,ios,12,16.05,44.85,0,0.0,0,0,8,2.8554,0,0,8,0.6667,1,2,0,2,0,1648.36,689.64,16.92,556
2731058b-eae4-4c40-a95f-373b804f08b1,u_1023,zwhite@example.com,casual,Dammam,web,5,22.41,13.38,0,0.0,0,0,4,1.9219,0,0,3,0.6,2,0,0,0,0,7279.0,2374.33,26.4,3930
5cf0c9c1-5377-49b1-9e51-cb2a16cad873,u_1064,jessica49@example.com,transactor,Medina,web,8,19.18,25.03,0,0.0,0,0,6,2.5,0,0,5,0.625,0,2,1,2,0,3399.43,1186.17,22.12,1188
b88d6b54-4f74-4949-872e-0df191f43fb2,u_1069,craigthomas@example.org,power_user,Riyadh,ios,15,21.58,41.71,0,0.0,0,0,11,3.3736,0,0,8,0.5333,2,2,0,2,0,1638.79,611.85,20.0,561
4ed9a704-b056-4a42-a6ce-3329123b5d14,admin_1,admin@rasd.local,admin,Medina,web,12,14.04,51.29,0,0.0,0,0,6,2.2213,1,12,0,0.0,0,0,0,0,0,1327.18,408.4,21.67,673
1344b2c1-3d10-429e-891e-df0090f099f8,u_1070,jasondean@example.net,casual,Mecca,ios,6,29.11,12.37,0,0.0,0,0,5,2.2516,0,0,1,0.1667,0,0,0,0,0,7959.4,3068.65,13.17,3429
5addc1cd-9898-44e1-8fc0-291176edfa82,u_1019,morganserrano@example.net,casual,Jeddah,web,8,46.7,10.28,0,0.125,1,0,8,3.0,0,0,4,0.5,1,0,1,1,0,8093.0,1934.18,23.12,5872
8446940e-a6df-47d8-93b1-54f532a6fdac,u_1072,deanedwards@example.org,power_user,Medina,ios,12,14.08,51.15,0,0.0,0,0,7,2.6887,0,0,8,0.6667,3,3,0,2,0,1552.33,733.68,23.08,520
d380e4d3-dd87-4569-82f5-c623875487f9,u_1022,amandapayne@example.net,casual,Taif,web,6,32.7,11.01,0,0.0,0,0,5,2.2516,0,0,1,0.1667,1,0,0,0,0,7465.0,2520.46,14.83,4158
e0580356-4a1d-441f-95ee-a248684f0095,u_1029,nataliefrazier@example.com,confused,Taif,web,5,57.27,5.24,0,0.0,0,0,5,2.3219,0,0,1,0.2,0,1,0,0,0,18984.0,2859.27,17.2,16161
fda1f860-f182-4b0d-8822-633ca9459f7a,u_1015,fred73@example.org,casual,Jeddah,android,5,21.62,13.88,0,0.0,0,0,3,1.371,0,0,0,0.0,0,0,0,0,0,8195.0,1841.6,10.6,6613
91916ee3-8075-499f-9a3f-f76683da7324,u_1017,griffinlisa@example.com,transactor,Khobar,web,11,29.92,22.06,0,0.0,0,0,8,2.914,0,0,5,0.4545,1,1,0,1,0,3426.9,1133.77,13.64,1204
e369e90c-263b-4854-8e2e-ef8b842b29a2,u_1049,james84@example.org,confused,Dammam,android,5,49.57,6.05,0,0.0,0,0,4,1.9219,0,0,0,0.0,0,0,0,0,0,18099.0,3186.8,12.0,14794
8275b99f-f4d8-48b0-b6f4-de3ce74ee012,u_1071,zsmith@example.org,casual,Khobar,android,5,23.5,12.77,0,0.0,0,0,5,2.3219,0,0,0,0.0,0,0,0,0,0,6777.75,3335.36,11.6,3536
ec66e988-ea61-42da-93a6-ecca813ba551,u_1062,jensenkelly@example.com,casual,Khobar,web,5,23.69,12.66,0,0.0,0,0,5,2.3219,0,0,1,0.2,0,0,0,0,0,7925.25,2686.91,21.8,3619
e6281085-fbd3-4038-a5e3-68dc47999311,u_1053,williambishop@example.org,confused,Taif,android,4,24.16,9.93,0,0.0,0,0,4,2.0,0,0,0,0.0,0,0,0,0,0,14014.67,2856.66,10.75,11172
3dfeba37-a22f-4ea0-a48d-16959d2f4081,u_1047,parkerandrea@example.org,transactor,Mecca,android,11,35.18,18.76,0,0.0,0,0,7,2.404,0,0,8,0.7273,1,5,1,0,0,3690.3,1159.89,23.91,1076
92310bee-43a2-4d47-83cb-ff620480287f,u_1009,amartin@example.org,transactor,Jeddah,android,8,19.22,24.98,0,0.0,0,0,7,2.75,0,0,5,0.625,2,2,0,0,0,3052.71,964.74,24.75,1565
cb4b0994-ba8d-4b40-8912-c3fa0a405a16,u_1048,wolfbryan@example.com,transactor,Buraidah,web,9,17.89,30.19,0,0.0,0,0,7,2.7255,0,0,6,0.6667,1,2,1,2,0,2701.0,1349.1,25.22,1202
1f1743c9-392d-457a-b5e5-23cc73cb3bf6,admin_1,admin@rasd.local,admin,Riyadh,android,37,50.62,43.86,0,0.027,0,1,6,2.0539,1,37,0,0.0,0,0,0,0,0,1409.53,509.36,27.14,638
94406933-03f7-406e-897a-4e800b619f7e,u_1062,jensenkelly@example.com,power_user,Khobar,web,17,23.22,43.92,0,0.0,0,0,7,2.4248,0,0,10,0.5882,0,0,0,6,0,1548.38,647.43,18.35,688
9d175cd4-5acb-47eb-9c47-ac39ab1053d1,u_1031,toddmegan@example.org,casual,Khobar,android,8,48.9,9.82,0,0.0,0,0,8,3.0,0,0,3,0.375,1,1,1,0,0,8124.29,1257.86,18.88,5657
0c9685e2-a4fa-4fe3-90ad-1463c652de5f,u_1028,anthonylindsay@example.com,casual,Tabuk,ios,4,7.99,30.03,0,0.25,0,1,4,2.0,0,0,0,0.0,0,0,0,0,0,5807.67,2687.79,21.0,3291
a1626735-9e77-41b2-9a58-e6083178c689,admin_1,admin@rasd.local,admin,Buraidah,android,7,6.1,68.88,0,0.0,0,0,4,1.8424,1,7,0,0.0,0,0,0,0,0,1197.0,395.23,26.0,663
90d4ad68-af93-4cc8-b443-a268aaa5d469,u_1003,queenrama@gmail.com,casual,Jeddah,ios,8,167.15,2.87,0,0.125,0,1,6,2.5,0,0,3,0.375,0,0,1,0,0,8353.29,2237.19,14.5,4653
5bf102a2-ab2f-427e-a060-10336c1abb09,u_1009,amartin@example.org,power_user,Jeddah,android,11,11.72,56.3,0,0.0,0,0,8,2.914,0,0,5,0.4545,0,0,2,2,0,1216.1,619.05,14.18,594
247745cf-a0ba-4598-8e4c-b91801e8d391,u_1003,queenrama@gmail.com,transactor,Jeddah,ios,9,14.2,38.03,0,0.0,0,0,8,2.9477,0,0,6,0.6667,4,0,1,1,0,2152.75,709.21,25.56,1223
b03575fb-625b-41ec-a51f-cbeec34fc700,u_1075,pdennis@example.org,power_user,Riyadh,android,12,16.82,42.81,0,0.0,0,0,11,3.4183,0,0,5,0.4167,1,0,1,2,0,1716.0,609.21,18.17,632
01e7e667-d52c-4754-8b27-22e8ca2eb6c0,u_1042,brian14@example.net,casual,Buraidah,ios,5,23.93,12.54,0,0.0,0,0,3,1.371,0,0,0,0.0,0,0,0,0,0,8366.0,3099.64,17.0,3081
565142d0-b8e3-462b-ba13-fb10534c12b8,u_1052,julie73@example.org,transactor,Khobar,web,7,13.49,31.12,0,0.0,0,0,7,2.8074,0,0,3,0.4286,0,1,0,1,0,2927.83,1223.1,16.43,1439
eea0513c-779d-4e29-a25a-1fbc2572a4ec,admin_1,admin@rasd.local,admin,Taif,android,12,14.03,51.32,0,0.0,0,0,5,1.8962,1,12,0,0.0,0,0,0,0,0,1444.18,416.87,24.75,681
cb5f50a0-1b08-4ac7-9e74-02e8436140d5,u_1031,toddmegan@example.org,casual,Khobar,android,5,23.85,12.58,0,0.0,0,0,4,1.9219,0,0,0,0.0,0,0,0,0,0,8844.75,2563.74,13.4,5034
2d699d60-24bc-4d0d-9325-72fe01d8d784,u_1002,hanan.alharbi@gmail.com,transactor,Riyadh,android,11,148.18,4.45,0,0.0,0,0,8,2.8454,0,0,6,0.5455,1,1,1,2,0,2936.6,1073.41,19.64,1022
9a765b0c-eb45-4347-b205-150bead004f0,u_1046,kbutler@example.net,power_user,Mecca,web,12,16.54,43.54,0,0.0,0,0,10,3.2516,0,0,7,0.5833,1,1,1,2,0,1582.91,496.68,39.42,702
580d23bc-e593-4b62-a55c-6d0054fa916f,u_1011,ashleyparks@example.org,transactor,Riyadh,android,12,172.01,4.19,0,0.0833,1,0,9,3.0221,0,0,9,0.75,7,0,1,0,1,2753.36,1129.02,87.83,1404
fd311496-46d1-46db-aeca-00bb29041b28,u_1052,julie73@example.org,transactor,Khobar,web,6,132.37,2.72,0,0.0,0,0,6,2.585,0,0,3,0.5,0,1,1,0,0,3361.6,1127.72,17.83,1145
5afc2222-11fb-4416-8110-00458b55dc54,admin_1,admin@rasd.local,admin,Khobar,ios,12,134.77,5.34,0,0.0,0,0,5,2.0546,1,12,0,0.0,0,0,0,0,0,1516.91,467.44,30.25,810
f1aaed86-2e4f-4801-be60-a3a698334533,u_1066,darryl90@example.net,confused,Taif,android,5,196.01,1.53,0,0.0,0,0,5,2.3219,0,0,1,0.2,0,0,0,0,0,16100.0,5193.7,12.0,10802
aaf0eb88-2b7b-4d9f-92e3-f43fd8280814,u_1076,smalltimothy@example.org,casual,Tabuk,android,7,187.15,2.24,0,0.0,0,0,5,2.1281,0,0,3,0.4286,0,0,0,0,0,8806.83,1714.6,52.29,5523
17779c98-a9b1-49d1-862c-c9dc558d59cf,u_1016,fowlerkelly@example.net,transactor,Tabuk,ios,9,48.06,11.24,0,0.0,0,0,6,2.281,0,0,5,0.5556,1,0,0,4,0,3556.5,1278.48,500.0,1247
0ff5b8ab-bf72-45ef-bb56-19900a7140d9,u_1079,michelle79@example.com,casual,Khobar,ios,7,50.29,8.35,0,0.0,0,0,6,2.5216,0,0,2,0.2857,0,0,0,0,0,6182.67,2789.11,15.0,3420
92e2c59d-1422-4120-b0b4-b71e4d0859d8,u_1032,amberbrown@example.org,transactor,Dammam,android,8,47.96,10.01,0,0.0,0,0,5,2.1556,0,0,1,0.125,0,0,1,0,0,4140.43,271.64,10.38,3895
2b48f640-6334-4060-990d-86d8dbb9c766,u_1071,zsmith@example.org,transactor,Khobar,android,8,17.15,27.98,0,0.0,0,0,8,3.0,0,0,2,0.25,1,1,0,0,0,2933.71,1030.86,12.88,1139
6ae4cfe8-074d-4fc0-a4aa-c48070386ea0,u_1028,anthonylindsay@example.com,casual,Tabuk,ios,6,20.6,17.48,0,0.0,0,0,5,2.2516,0,0,2,0.3333,0,0,0,0,0,6316.6,2545.49,17.17,4252
6812c059-9004-4e65-a695-bdb125e20f4c,u_1075,pdennis@example.org,casual,Riyadh,android,6,29.88,12.05,0,0.0,0,0,6,2.585,0,0,2,0.3333,0,0,0,1,0,8245.0,2536.41,26.17,4321
de6ee892-4c79-4db3-81e2-0bc3403eeb59,u_1021,jeffrey60@example.net,transactor,Buraidah,android,10,30.76,19.5,0,0.0,0,0,9,3.1219,0,0,5,0.5,1,1,1,2,0,3610.11,1009.67,30.5,2077
a59c3441-78f6-44a9-96cd-84d4d5591a46,u_1045,meyerrobin@example.com,confused,Medina,android,4,26.37,9.1,0,0.0,0,0,4,2.0,0,0,0,0.0,0,0,0,0,0,16728.0,5076.41,21.75,12550
4be7351d-f3b6-46f0-9b3f-81fa5bcf0856,u_1013,anita30@example.com,transactor,Tabuk,web,7,14.33,29.31,0,0.0,0,0,7,2.8074,0,0,3,0.4286,1,1,1,0,0,2932.67,1124.31,21.14,1444
b2a27a22-f11a-477b-af0e-8b2a7b9458e5,u_1028,anthonylindsay@example.com,casual,Tabuk,ios,8,52.42,9.16,0,0.0,0,0,7,2.75,0,0,3,0.375,1,0,0,0,0,8076.71,2474.42,13.75,4223
68530c49-9eba-490b-8ead-cd4ce918cad5,u_1059,charles71@example.com,transactor,Tabuk,ios,6,13.06,27.57,0,0.0,0,0,5,2.2516,0,0,3,0.5,2,0,0,1,0,3312.2,746.82,24.5,1956
366c9e5d-03ec-4fb0-809e-7e5b5d90ed82,u_1021,jeffrey60@example.net,transactor,Buraidah,android,9,18.01,29.99,0,0.0,0,0,8,2.9477,0,0,5,0.5556,0,2,1,1,0,2715.25,950.81,23.67,1002
db4709b7-82ca-4358-88f1-4a6dda0e5923,u_1046,kbutler@example.net,transactor,Mecca,web,6,12.81,28.11,0,0.0,0,0,5,2.2516,0,0,2,0.3333,0,2,0,0,0,3446.2,1099.31,24.17,2119
2b2a7881-cf69-4129-8414-82ea953c5406,u_1004,user@example.com,transactor,Jeddah,web,10,26.92,22.29,0,0.0,0,0,7,2.6464,0,0,7,0.7,1,3,2,0,0,3151.78,968.81,23.8,1727
a2f57780-03ac-46a4-b781-1dc075434d7d,u_1014,morrissharon@example.org,casual,Dammam,android,5,24.55,12.22,0,0.0,0,0,4,1.9219,0,0,1,0.2,1,0,0,0,0,6977.0,2527.82,21.6,3432
641a600a-5d23-49ed-adda-d6656ad64dc6,u_1022,amandapayne@example.net,casual,Taif,web,8,57.62,8.33,0,0.0,0,0,6,2.5,0,0,4,0.5,0,0,2,0,0,8786.57,2646.31,16.0,4013
ea86428f-e458-4494-8b9b-690fcb014ee4,u_1075,pdennis@example.org,casual,Riyadh,android,6,25.46,14.14,0,0.0,0,0,4,1.7925,0,0,3,0.5,0,0,0,0,0,6879.8,1986.77,11.17,3231
bb219031-dfd5-4060-bb69-e324c040a942,u_1071,zsmith@example.org,casual,Khobar,android,7,29.1,14.43,0,0.0,0,0,7,2.8074,0,0,2,0.2857,1,1,0,0,0,6703.83,3410.13,21.43,3212
b543e49c-e099-40af-bcb8-f91e189b1c35,u_1077,cameron96@example.org,transactor,Mecca,web,10,21.44,27.98,0,0.0,0,0,8,2.9219,0,0,7,0.7,1,2,2,1,0,2703.44,1333.3,27.2,1268
254f676a-8bbe-45e2-8b01-bd00b6603142,u_1075,pdennis@example.org,transactor,Riyadh,android,8,14.98,32.04,0,0.0,0,0,6,2.5,0,0,5,0.625,3,0,0,0,0,2273.43,1007.57,26.0,1093
ccb43e11-4c3c-4470-82aa-dbd7fb5e6d6b,u_1008,danielsclaire@example.org,power_user,Riyadh,ios,11,12.55,52.6,0,0.0,0,0,9,3.0958,0,0,6,0.5455,1,1,1,1,0,1348.0,366.66,24.36,678
3c5c6841-7730-4289-b912-3a1f27a6f26d,u_1041,johnsonjustin@example.com,confused,Dammam,android,5,60.69,4.94,0,0.0,0,0,5,2.3219,0,0,1,0.2,0,0,0,1,0,17642.5,4757.65,17.0,9961
40ec8aad-2169-4c87-9218-5e7519c82ad1,u_1068,matthew90@example.org,transactor,Medina,web,8,19.3,24.87,0,0.0,0,0,6,2.5,0,0,6,0.75,0,2,1,2,0,3205.0,1327.91,34.62,1012
5e51d35a-3e68-415a-a37a-a362e1dc7bb5,u_1025,brucefreeman@example.org,casual,Medina,web,4,19.31,12.43,0,0.0,0,0,3,1.5,0,0,0,0.0,0,0,0,0,0,8986.67,1685.71,12.25,7748
286fc805-26c1-49ca-95fa-d452db43e151,u_1036,jessicahoward@example.net,transactor,Khobar,android,8,21.68,22.14,0,0.0,0,0,8,3.0,0,0,4,0.5,2,0,1,1,0,3760.57,1098.54,27.75,1528
49f5eb43-d85d-46a0-97e4-d38f1cc59106,u_1038,ihardy@example.org,power_user,Taif,web,13,19.66,39.68,0,0.0,0,0,9,3.027,0,0,8,0.6154,1,2,1,1,0,1777.83,513.31,21.23,745
80fdfe9c-75bb-4c3c-8c4a-b3d5b9a77e66,u_1008,danielsclaire@example.org,casual,Riyadh,ios,5,20.69,14.5,0,0.0,0,0,5,2.3219,0,0,0,0.0,0,0,0,0,0,6432.25,2485.06,16.2,3003
2f31804c-098a-4643-b832-c2d077bdb4c3,u_1061,cramsey@example.com,casual,Dammam,android,4,15.07,15.93,0,0.25,0,1,4,2.0,0,0,2,0.5,1,0,0,0,0,8824.67,1924.0,27.25,7384
52483cb6-603b-4526-9dc7-e803e02a0abb,u_1043,amy95@example.com,casual,Dammam,android,4,20.73,11.58,0,0.0,0,0,4,2.0,0,0,1,0.25,0,1,0,0,0,9848.0,1005.52,19.75,8870
24bc2bd2-0df7-4d83-932c-e2dce41ef9f1,u_1019,morganserrano@example.net,confused,Jeddah,web,4,44.2,5.43,0,0.0,0,0,4,2.0,0,0,0,0.0,0,0,0,0,0,21599.33,1604.25,16.75,20285
60c99c91-2afe-4971-88e4-23e3e0c318e7,u_1056,reginaburnett@example.org,casual,Tabuk,ios,8,47.32,10.14,0,0.0,0,0,7,2.75,0,0,3,0.375,0,1,0,0,0,7305.43,3116.07,18.62,3919
73a6a01d-9123-4c73-959e-5faee6eb0873,u_1007,lauren10@example.net,power_user,Taif,web,16,18.76,51.18,0,0.0,0,0,10,3.1556,0,0,7,0.4375,1,0,3,1,0,1304.27,584.84,15.44,554
35803d86-2b90-45c4-9577-8ebddc5afb66,u_1010,ellen35@example.net,transactor,Medina,android,8,17.53,27.39,0,0.0,0,0,6,2.5,0,0,6,0.75,2,2,0,2,0,3597.4,802.99,31.25,2621
336ce0aa-ce90-4b74-9c2d-c316e0918dee,admin_1,admin@rasd.local,admin,Buraidah,android,12,13.62,52.87,0,0.0,0,0,6,2.3554,1,12,0,0.0,0,0,0,0,0,1360.27,356.57,28.08,874
4c79b301-db2a-4975-86ae-923f6349c129,u_1029,nataliefrazier@example.com,confused,Taif,web,3,23.88,7.54,0,0.0,0,0,3,1.585,0,0,1,0.3333,1,0,0,0,0,16434.0,7321.0,31.0,9113
995385f0-a8e9-454f-9157-79973298d745,u_1046,kbutler@example.net,confused,Mecca,web,3,18.7,9.63,0,0.0,0,0,3,1.585,0,0,1,0.3333,0,1,0,0,0,17990.5,660.5,21.33,17330
bde98b77-007c-4be4-a08c-59bf8e1ea8a9,u_1063,bookeranna@example.org,casual,Dammam,android,5,14.68,20.43,0,0.0,0,0,4,1.9219,0,0,2,0.4,0,0,0,0,0,4537.75,1258.37,24.4,3173
55536499-2b53-421c-a65a-d02cda128a76,u_1019,morganserrano@example.net,casual,Jeddah,web,4,10.44,22.99,0,0.0,0,0,4,2.0,0,0,0,0.0,0,0,0,0,0,7450.0,3507.62,12.0,3449
b8309ca5-0bef-46b4-81f5-d6aa5109923d,u_1042,brian14@example.net,transactor,Buraidah,ios,6,13.7,26.28,0,0.1667,0,1,4,1.7925,0,0,3,0.5,0,0,0,3,0,3663.8,816.56,21.83,2476
b385d326-0d3d-408a-9767-1b605dd54ea3,u_1021,jeffrey60@example.net,transactor,Buraidah,android,8,25.84,18.58,0,0.125,0,1,8,3.0,0,0,4,0.5,1,1,0,1,0,4028.43,803.56,27.38,2599
bbaf089d-94f1-4d8f-9a66-72b42da82ac5,u_1070,jasondean@example.net,transactor,Mecca,ios,8,17.5,27.43,0,0.0,0,0,6,2.5,0,0,6,0.75,3,0,2,1,0,2943.86,1267.01,32.62,1010
56ed7aee-5173-40c3-896c-f6ebb7c40813,u_1080,ydelgado@example.com,casual,Medina,web,6,37.91,9.5,0,0.0,0,0,6,2.585,0,0,3,0.5,1,1,0,1,0,8509.2,1946.59,27.0,4813
712f5009-ce0d-42f0-b186-e48b402342eb,u_1060,heather99@example.com,transactor,Buraidah,web,8,15.13,31.73,0,0.0,0,0,7,2.75,0,0,4,0.5,1,2,1,0,0,2602.43,594.94,23.38,1708
127d35a4-4d47-4441-9c90-e33a73485d07,u_1017,griffinlisa@example.com,casual,Khobar,web,5,20.72,14.48,0,0.0,0,0,5,2.3219,0,0,2,0.4,0,0,1,0,0,6329.25,2606.24,19.8,4347
426b460f-fc73-4aac-be76-e160f270e635,u_1012,jsanchez@example.org,confused,Riyadh,web,5,57.8,5.19,0,0.0,0,0,5,2.3219,0,0,2,0.4,0,0,0,1,1,16937.25,5381.52,20.6,10041
68a3b316-928a-4233-a832-53f6cea158e8,u_1021,jeffrey60@example.net,power_user,Buraidah,android,14,16.5,50.92,0,0.0,0,0,8,2.8424,0,0,7,0.5,0,2,0,2,0,1378.54,434.46,15.21,545
73fb321b-d2a6-41ea-8567-4c727cf8c034,u_1075,pdennis@example.org,casual,Riyadh,android,5,20.94,14.33,0,0.2,0,1,5,2.3219,0,0,1,0.2,0,0,0,0,0,7894.5,1800.28,17.4,6320
68982933-e851-467d-ab25-e65badc6ec4e,admin_1,admin@rasd.local,admin,Tabuk,ios,7,6.95,60.43,0,0.0,0,0,4,1.8424,1,7,0,0.0,0,0,0,0,0,1251.67,419.22,37.57,824
cb5c9d42-bec5-4282-8fc6-7855f6ebcf49,u_1043,amy95@example.com,power_user,Dammam,android,14,19.11,43.96,0,0.0,0,0,10,2.9781,0,0,9,0.6429,2,5,1,0,0,1588.85,497.22,24.5,674
5a0c5516-6317-4049-9670-053c53ac6256,u_1080,ydelgado@example.com,transactor,Medina,web,11,23.57,28.0,0,0.0,0,0,7,2.5503,0,0,7,0.6364,2,4,0,1,0,3027.5,1275.22,25.91,1107
9602ce91-7f03-4223-b7c7-dee1797261ed,unknown,parkerandrea@example.org,power_user,Mecca,android,13,17.84,43.71,1,0.0769,1,0,8,2.8731,0,0,7,0.5385,2,3,0,2,0,1612.42,455.93,27.92,987
df8c6efb-6d5b-4bb8-9716-f1c0ee654e4b,u_1023,zwhite@example.com,casual,Dammam,web,5,25.95,11.56,0,0.0,0,0,5,2.3219,0,0,1,0.2,0,0,0,0,0,7988.5,1612.09,12.0,6061
0d3a498b-7a42-4ec7-99ea-180e3f398951,u_1025,brucefreeman@example.org,casual,Medina,web,5,24.77,12.11,0,0.0,0,0,4,1.9219,0,0,1,0.2,0,0,0,0,0,8471.75,1355.36,14.0,6136
fc29e7e8-4a5c-4fbc-a329-11e08449153a,u_1037,rtaylor@example.com,power_user,Mecca,android,13,14.35,54.36,0,0.0,0,0,11,3.3927,0,0,8,0.6154,3,1,1,2,0,1286.25,521.88,26.38,637
97bfcadb-64e5-4821-b5d3-c9ac0aa4b12e,u_1066,darryl90@example.net,casual,Taif,android,6,22.47,16.02,0,0.0,0,0,6,2.585,0,0,2,0.3333,0,1,0,0,0,5115.2,2539.59,16.17,3240
cfb46c6d-1da6-44bd-8372-9c8475dd290d,u_1031,toddmegan@example.org,power_user,Khobar,android,9,10.51,51.4,0,0.0,0,0,7,2.7255,0,0,4,0.4444,0,0,1,1,0,1564.12,747.75,18.78,555
